ISRN_KIND_DTCD,ISRN_KIND_ITCD,ISRN_KIND_SALE_NM,PROD_DTCD,PROD_ITCD,PROD_SALE_NM,PAYM_CYCL_VAL,PAYM_CYCL_DVSN_CODE
1224,069,한화생명 기업복지라이프플랜보험(최초) 무배당,1224,071,한화생명 기업복지라이프플랜보험(최초) 무배당,1,M
1224,069,한화생명 기업복지라이프플랜보험(최초) 무배당,1224,071,한화생명 기업복지라이프플랜보험(최초) 무배당,3,M
1224,069,한화생명 기업복지라이프플랜보험(최초) 무배당,1224,071,한화생명 기업복지라이프플랜보험(최초) 무배당,6,M
1224,069,한화생명 기업복지라이프플랜보험(최초) 무배당,1224,071,한화생명 기업복지라이프플랜보험(최초) 무배당,12,M
1224,070,한화생명 기업복지라이프플랜보험(재가입) 무배당,1224,072,한화생명 기업복지라이프플랜보험(재가입) 무배당,1,M
1224,070,한화생명 기업복지라이프플랜보험(재가입) 무배당,1224,072,한화생명 기업복지라이프플랜보험(재가입) 무배당,3,M
1224,070,한화생명 기업복지라이프플랜보험(재가입) 무배당,1224,072,한화생명 기업복지라이프플랜보험(재가입) 무배당,6,M
1224,070,한화생명 기업복지라이프플랜보험(재가입) 무배당,1224,072,한화생명 기업복지라이프플랜보험(재가입) 무배당,12,M
1228,133,한화생명 연금저축 하이드림연금보험(1종 신계약체결용)종신연금형,1228,133,한화생명 연금저축 하이드림연금보험(1종 신계약체결용)종신연금형,1,M
1228,137,한화생명 연금저축 스마트하이드림연금보험 종신연금형,1228,137,한화생명 연금저축 스마트하이드림연금보험 종신연금형,1,M
1230,040,한화생명 장애인전용 곰두리보장보험 무배당,1230,040,한화생명 장애인전용 곰두리보장보험 무배당,1,M
1230,040,한화생명 장애인전용 곰두리보장보험 무배당,1230,040,한화생명 장애인전용 곰두리보장보험 무배당,3,M
1230,040,한화생명 장애인전용 곰두리보장보험 무배당,1230,040,한화생명 장애인전용 곰두리보장보험 무배당,6,M
1230,040,한화생명 장애인전용 곰두리보장보험 무배당,1230,040,한화생명 장애인전용 곰두리보장보험 무배당,12,M
1571,601,한화생명 연금보험Enterprise(적립형 종신연금플러스형 개인형)(개별) 무배당,1571,601,한화생명 연금보험Enterprise(적립형 종신연금플러스형 개인형)(개별) 무배당,1,M
1571,602,한화생명 연금보험Enterprise(적립형 종신연금플러스형 신부부형)(개별) 무배당,1571,602,한화생명 연금보험Enterprise(적립형 종신연금플러스형 신부부형)(개별) 무배당,1,M
1571,603,한화생명 연금보험Enterprise(적립형 확정기간연금플러스형 5년형)(개별) 무배당,1571,603,한화생명 연금보험Enterprise(적립형 확정기간연금플러스형 5년형)(개별) 무배당,1,M
1571,604,한화생명 연금보험Enterprise(적립형 확정기간연금플러스형 10년형)(개별) 무배당,1571,604,한화생명 연금보험Enterprise(적립형 확정기간연금플러스형 10년형)(개별) 무배당,1,M
1571,605,한화생명 연금보험Enterprise(적립형 확정기간연금플러스형 15년형)(개별) 무배당,1571,605,한화생명 연금보험Enterprise(적립형 확정기간연금플러스형 15년형)(개별) 무배당,1,M
1571,606,한화생명 연금보험Enterprise(적립형 확정기간연금플러스형 20년형)(개별) 무배당,1571,606,한화생명 연금보험Enterprise(적립형 확정기간연금플러스형 20년형)(개별) 무배당,1,M
1571,607,한화생명 연금보험Enterprise(적립형 상속연금플러스형)(개별) 무배당,1571,607,한화생명 연금보험Enterprise(적립형 상속연금플러스형)(개별) 무배당,1,M
1571,608,한화생명 연금보험Enterprise(거치형 종신연금플러스형 개인형)(개별) 무배당,1571,608,한화생명 연금보험Enterprise(거치형 종신연금플러스형 개인형)(개별) 무배당,0,M
1571,609,한화생명 연금보험Enterprise(거치형 종신연금플러스형 신부부형)(개별) 무배당,1571,609,한화생명 연금보험Enterprise(거치형 종신연금플러스형 신부부형)(개별) 무배당,0,M
1571,610,한화생명 연금보험Enterprise(거치형 확정기간연금플러스형 5년형)(개별) 무배당,1571,610,한화생명 연금보험Enterprise(거치형 확정기간연금플러스형 5년형)(개별) 무배당,0,M
1571,611,한화생명 연금보험Enterprise(거치형 확정기간연금플러스형 10년형)(개별) 무배당,1571,611,한화생명 연금보험Enterprise(거치형 확정기간연금플러스형 10년형)(개별) 무배당,0,M
1571,612,한화생명 연금보험Enterprise(거치형 확정기간연금플러스형 15년형)(개별) 무배당,1571,612,한화생명 연금보험Enterprise(거치형 확정기간연금플러스형 15년형)(개별) 무배당,0,M
1571,613,한화생명 연금보험Enterprise(거치형 확정기간연금플러스형 20년형)(개별) 무배당,1571,613,한화생명 연금보험Enterprise(거치형 확정기간연금플러스형 20년형)(개별) 무배당,0,M
1571,614,한화생명 연금보험Enterprise(거치형 상속연금플러스형)(개별) 무배당,1571,614,한화생명 연금보험Enterprise(거치형 상속연금플러스형)(개별) 무배당,0,M
1571,615,한화생명 연금보험Enterprise(적립형 종신연금플러스형 개인형)(일괄) 무배당,1571,615,한화생명 연금보험Enterprise(적립형 종신연금플러스형 개인형)(일괄) 무배당,1,M
1571,616,한화생명 연금보험Enterprise(적립형 종신연금플러스형 신부부형)(일괄) 무배당,1571,616,한화생명 연금보험Enterprise(적립형 종신연금플러스형 신부부형)(일괄) 무배당,1,M
1571,617,한화생명 연금보험Enterprise(적립형 확정기간연금플러스형 5년형)(일괄) 무배당,1571,617,한화생명 연금보험Enterprise(적립형 확정기간연금플러스형 5년형)(일괄) 무배당,1,M
1571,618,한화생명 연금보험Enterprise(적립형 확정기간연금플러스형 10년형)(일괄) 무배당,1571,618,한화생명 연금보험Enterprise(적립형 확정기간연금플러스형 10년형)(일괄) 무배당,1,M
1571,619,한화생명 연금보험Enterprise(적립형 확정기간연금플러스형 15년형)(일괄) 무배당,1571,619,한화생명 연금보험Enterprise(적립형 확정기간연금플러스형 15년형)(일괄) 무배당,1,M
1571,620,한화생명 연금보험Enterprise(적립형 확정기간연금플러스형 20년형)(일괄) 무배당,1571,620,한화생명 연금보험Enterprise(적립형 확정기간연금플러스형 20년형)(일괄) 무배당,1,M
1571,621,한화생명 연금보험Enterprise(적립형 상속연금플러스형)(일괄) 무배당,1571,621,한화생명 연금보험Enterprise(적립형 상속연금플러스형)(일괄) 무배당,1,M
1571,622,한화생명 연금보험Enterprise(거치형 종신연금플러스형 개인형)(일괄) 무배당,1571,622,한화생명 연금보험Enterprise(거치형 종신연금플러스형 개인형)(일괄) 무배당,0,M
1571,623,한화생명 연금보험Enterprise(거치형 종신연금플러스형 신부부형)(일괄) 무배당,1571,623,한화생명 연금보험Enterprise(거치형 종신연금플러스형 신부부형)(일괄) 무배당,0,M
1571,624,한화생명 연금보험Enterprise(거치형 확정기간연금플러스형 5년형)(일괄) 무배당,1571,624,한화생명 연금보험Enterprise(거치형 확정기간연금플러스형 5년형)(일괄) 무배당,0,M
1571,625,한화생명 연금보험Enterprise(거치형 확정기간연금플러스형 10년형)(일괄) 무배당,1571,625,한화생명 연금보험Enterprise(거치형 확정기간연금플러스형 10년형)(일괄) 무배당,0,M
1571,626,한화생명 연금보험Enterprise(거치형 확정기간연금플러스형 15년형)(일괄) 무배당,1571,626,한화생명 연금보험Enterprise(거치형 확정기간연금플러스형 15년형)(일괄) 무배당,0,M
1571,627,한화생명 연금보험Enterprise(거치형 확정기간연금플러스형 20년형)(일괄) 무배당,1571,627,한화생명 연금보험Enterprise(거치형 확정기간연금플러스형 20년형)(일괄) 무배당,0,M
1571,628,한화생명 연금보험Enterprise(거치형 상속연금플러스형)(일괄) 무배당,1571,628,한화생명 연금보험Enterprise(거치형 상속연금플러스형)(일괄) 무배당,0,M
1629,088,한화생명 연금저축 미래로기업복지연금보험(1종 신계약체결용)종신연금형,1629,088,한화생명 연금저축 미래로기업복지연금보험(1종 신계약체결용)종신연금형,1,M
1629,089,한화생명 연금저축 미래로기업복지연금보험(1종 신계약체결용)확정기간연금형(5년),1629,089,한화생명 연금저축 미래로기업복지연금보험(1종 신계약체결용)확정기간연금형(5년),1,M
1629,090,한화생명 연금저축 미래로기업복지연금보험(1종 신계약체결용)확정기간연금형(10년),1629,090,한화생명 연금저축 미래로기업복지연금보험(1종 신계약체결용)확정기간연금형(10년),1,M
1629,091,한화생명 연금저축 미래로기업복지연금보험(1종 신계약체결용)확정기간연금형(15년),1629,091,한화생명 연금저축 미래로기업복지연금보험(1종 신계약체결용)확정기간연금형(15년),1,M
1629,092,한화생명 연금저축 미래로기업복지연금보험(1종 신계약체결용)확정기간연금형(20년),1629,092,한화생명 연금저축 미래로기업복지연금보험(1종 신계약체결용)확정기간연금형(20년),1,M
1629,093,한화생명 연금저축 미래로기업복지연금보험(1종 신계약체결용)확정기간연금형(25년),1629,093,한화생명 연금저축 미래로기업복지연금보험(1종 신계약체결용)확정기간연금형(25년),1,M
1629,094,한화생명 연금저축 미래로기업복지연금보험(1종 신계약체결용)확정기간연금형(30년),1629,094,한화생명 연금저축 미래로기업복지연금보험(1종 신계약체결용)확정기간연금형(30년),1,M
1726,039,"한화생명 e정기보험 무배당 순수보장형 해약환급금 미지급형(납입기간중 0%, 납입기간후 50%) 표준체",1726,039,"한화생명 e정기보험 무배당 순수보장형 해약환급금 미지급형(납입기간중 0%, 납입기간후 50%) 표준체",1,M
1726,040,"한화생명 e정기보험 무배당 순수보장형 해약환급금 미지급형(납입기간중 0%, 납입기간후 50%) 건강체",1726,040,"한화생명 e정기보험 무배당 순수보장형 해약환급금 미지급형(납입기간중 0%, 납입기간후 50%) 건강체",1,M
1726,041,한화생명 e정기보험 무배당 만기환급형 표준형 표준체,1726,041,한화생명 e정기보험 무배당 만기환급형 표준형 표준체,1,M
1726,042,한화생명 e정기보험 무배당 만기환급형 표준형 건강체,1726,042,한화생명 e정기보험 무배당 만기환급형 표준형 건강체,1,M
1745,275,한화생명 연금저축 하이드림연금보험(2종 계좌이체용)적립형 종신연금형,1745,275,한화생명 연금저축 하이드림연금보험(2종 계좌이체용)적립형 종신연금형,1,M
1745,275,한화생명 연금저축 하이드림연금보험(2종 계좌이체용)적립형 종신연금형,1745,279,한화생명 연금저축 하이드림연금보험(2종 계좌이체용)거치형 종신연금형,0,M
1745,276,한화생명 연금저축 하이드림연금보험(2종 계좌이체용)적립형 확정기간연금형(10년),1745,276,한화생명 연금저축 하이드림연금보험(2종 계좌이체용)적립형 확정기간연금형(10년),1,M
1745,276,한화생명 연금저축 하이드림연금보험(2종 계좌이체용)적립형 확정기간연금형(10년),1745,280,한화생명 연금저축 하이드림연금보험(2종 계좌이체용)거치형 확정기간연금형(10년),0,M
1745,277,한화생명 연금저축 하이드림연금보험(2종 계좌이체용)적립형 확정기간연금형(15년),1745,277,한화생명 연금저축 하이드림연금보험(2종 계좌이체용)적립형 확정기간연금형(15년),1,M
1745,277,한화생명 연금저축 하이드림연금보험(2종 계좌이체용)적립형 확정기간연금형(15년),1745,281,한화생명 연금저축 하이드림연금보험(2종 계좌이체용)거치형 확정기간연금형(15년),0,M
1745,278,한화생명 연금저축 하이드림연금보험(2종 계좌이체용)적립형 확정기간연금형(20년),1745,278,한화생명 연금저축 하이드림연금보험(2종 계좌이체용)적립형 확정기간연금형(20년),1,M
1745,278,한화생명 연금저축 하이드림연금보험(2종 계좌이체용)적립형 확정기간연금형(20년),1745,282,한화생명 연금저축 하이드림연금보험(2종 계좌이체용)거치형 확정기간연금형(20년),0,M
1745,283,한화생명 연금저축 하이드림연금보험(2종 계좌이체용)거치형 종신연금형,1745,283,한화생명 연금저축 하이드림연금보험(2종 계좌이체용)거치형 종신연금형,0,M
1745,284,한화생명 연금저축 하이드림연금보험(2종 계좌이체용)거치형 확정기간연금형(10년),1745,284,한화생명 연금저축 하이드림연금보험(2종 계좌이체용)거치형 확정기간연금형(10년),0,M
1745,285,한화생명 연금저축 하이드림연금보험(2종 계좌이체용)거치형 확정기간연금형(15년),1745,285,한화생명 연금저축 하이드림연금보험(2종 계좌이체용)거치형 확정기간연금형(15년),0,M
1745,286,한화생명 연금저축 하이드림연금보험(2종 계좌이체용)거치형 확정기간연금형(20년),1745,286,한화생명 연금저축 하이드림연금보험(2종 계좌이체용)거치형 확정기간연금형(20년),0,M
1745,287,한화생명 연금저축 하이드림연금보험(2종 계좌이체용)즉시형 종신연금형,1745,287,한화생명 연금저축 하이드림연금보험(2종 계좌이체용)즉시형 종신연금형,0,M
1745,288,한화생명 연금저축 하이드림연금보험(2종 계좌이체용)즉시형 확정기간연금형(1년),1745,288,한화생명 연금저축 하이드림연금보험(2종 계좌이체용)즉시형 확정기간연금형(1년),0,M
1745,289,한화생명 연금저축 하이드림연금보험(2종 계좌이체용)즉시형 확정기간연금형(2년),1745,289,한화생명 연금저축 하이드림연금보험(2종 계좌이체용)즉시형 확정기간연금형(2년),0,M
1745,290,한화생명 연금저축 하이드림연금보험(2종 계좌이체용)즉시형 확정기간연금형(3년),1745,290,한화생명 연금저축 하이드림연금보험(2종 계좌이체용)즉시형 확정기간연금형(3년),0,M
1745,291,한화생명 연금저축 하이드림연금보험(2종 계좌이체용)즉시형 확정기간연금형(4년),1745,291,한화생명 연금저축 하이드림연금보험(2종 계좌이체용)즉시형 확정기간연금형(4년),0,M
1745,292,한화생명 연금저축 하이드림연금보험(2종 계좌이체용)즉시형 확정기간연금형(5년),1745,292,한화생명 연금저축 하이드림연금보험(2종 계좌이체용)즉시형 확정기간연금형(5년),0,M
1745,293,한화생명 연금저축 하이드림연금보험(2종 계좌이체용)즉시형 확정기간연금형(6년),1745,293,한화생명 연금저축 하이드림연금보험(2종 계좌이체용)즉시형 확정기간연금형(6년),0,M
1745,294,한화생명 연금저축 하이드림연금보험(2종 계좌이체용)즉시형 확정기간연금형(7년),1745,294,한화생명 연금저축 하이드림연금보험(2종 계좌이체용)즉시형 확정기간연금형(7년),0,M
1745,295,한화생명 연금저축 하이드림연금보험(2종 계좌이체용)즉시형 확정기간연금형(8년),1745,295,한화생명 연금저축 하이드림연금보험(2종 계좌이체용)즉시형 확정기간연금형(8년),0,M
1745,296,한화생명 연금저축 하이드림연금보험(2종 계좌이체용)즉시형 확정기간연금형(9년),1745,296,한화생명 연금저축 하이드림연금보험(2종 계좌이체용)즉시형 확정기간연금형(9년),0,M
1745,297,한화생명 연금저축 하이드림연금보험(2종 계좌이체용)즉시형 확정기간연금형(10년),1745,297,한화생명 연금저축 하이드림연금보험(2종 계좌이체용)즉시형 확정기간연금형(10년),0,M
1745,298,한화생명 연금저축 하이드림연금보험(2종 계좌이체용)즉시형 확정기간연금형(15년),1745,298,한화생명 연금저축 하이드림연금보험(2종 계좌이체용)즉시형 확정기간연금형(15년),0,M
1745,299,한화생명 연금저축 하이드림연금보험(2종 계좌이체용)즉시형 확정기간연금형(20년),1745,299,한화생명 연금저축 하이드림연금보험(2종 계좌이체용)즉시형 확정기간연금형(20년),0,M
1758,232,한화생명 스마트V연금보험 무배당 적립형 1종(기본형)(종신연금형) 가산할인형,1758,232,한화생명 스마트V연금보험 무배당 적립형 1종(기본형)(종신연금형) 가산할인형,1,M
1758,233,"한화생명 스마트V연금보험 무배당 적립형 2종(가족사랑형)(가족종신연금,가족사랑연금) 가산할인형",1758,233,"한화생명 스마트V연금보험 무배당 적립형 2종(가족사랑형)(가족종신연금,가족사랑연금) 가산할인형",1,M
1758,234,한화생명 스마트V연금보험 무배당 적립형 3종(연금강화형)(종신연금형) 가산할인형,1758,234,한화생명 스마트V연금보험 무배당 적립형 3종(연금강화형)(종신연금형) 가산할인형,1,M
1758,235,한화생명 스마트V연금보험 무배당 거치형 1종(기본형)(종신연금형) 가산할인형,1758,235,한화생명 스마트V연금보험 무배당 거치형 1종(기본형)(종신연금형) 가산할인형,0,M
1758,236,"한화생명 스마트V연금보험 무배당 거치형 2종(가족사랑형)(가족종신연금,가족사랑연금) 가산할인형",1758,236,"한화생명 스마트V연금보험 무배당 거치형 2종(가족사랑형)(가족종신연금,가족사랑연금) 가산할인형",0,M
1764,030,한화생명 H 기업재해보장보험 무배당 1종(순수형),1764,030,한화생명 H 기업재해보장보험 무배당 1종(순수형),1,M
1764,031,한화생명 H 기업재해보장보험 무배당 2종(50%환급형),1764,031,한화생명 H 기업재해보장보험 무배당 2종(50%환급형),1,M
1764,032,한화생명 H 기업재해보장보험 무배당 3종(70%환급형),1764,032,한화생명 H 기업재해보장보험 무배당 3종(70%환급형),1,M
1764,033,한화생명 H 기업재해보장보험 무배당 4종(100%환급형),1764,033,한화생명 H 기업재해보장보험 무배당 4종(100%환급형),1,M
1772,029,한화생명 e연금저축보험 종신연금형 무배당,1772,029,한화생명 e연금저축보험 종신연금형 무배당,1,M
1772,030,한화생명 e연금저축보험 확정기간연금형(10년) 무배당,1772,030,한화생명 e연금저축보험 확정기간연금형(10년) 무배당,1,M
1772,031,한화생명 e연금저축보험 확정기간연금형(15년) 무배당,1772,031,한화생명 e연금저축보험 확정기간연금형(15년) 무배당,1,M
1772,032,한화생명 e연금저축보험 확정기간연금형(20년) 무배당,1772,032,한화생명 e연금저축보험 확정기간연금형(20년) 무배당,1,M
1796,010,한화생명 Wealth단체저축보험 무배당,1796,010,한화생명 Wealth단체저축보험 무배당,1,M
1808,015,한화생명 노후실손의료비보장보험(갱신형) 상해형 무배당,1808,015,한화생명 노후실손의료비보장보험(갱신형) 상해형 무배당,1,M
1808,015,한화생명 노후실손의료비보장보험(갱신형) 상해형 무배당,1808,015,한화생명 노후실손의료비보장보험(갱신형) 상해형 무배당,3,M
1808,015,한화생명 노후실손의료비보장보험(갱신형) 상해형 무배당,1808,015,한화생명 노후실손의료비보장보험(갱신형) 상해형 무배당,6,M
1808,015,한화생명 노후실손의료비보장보험(갱신형) 상해형 무배당,1808,015,한화생명 노후실손의료비보장보험(갱신형) 상해형 무배당,12,M
1808,016,한화생명 노후실손의료비보장보험(갱신형) 질병형 무배당,1808,016,한화생명 노후실손의료비보장보험(갱신형) 질병형 무배당,1,M
1808,016,한화생명 노후실손의료비보장보험(갱신형) 질병형 무배당,1808,016,한화생명 노후실손의료비보장보험(갱신형) 질병형 무배당,3,M
1808,016,한화생명 노후실손의료비보장보험(갱신형) 질병형 무배당,1808,016,한화생명 노후실손의료비보장보험(갱신형) 질병형 무배당,6,M
1808,016,한화생명 노후실손의료비보장보험(갱신형) 질병형 무배당,1808,016,한화생명 노후실손의료비보장보험(갱신형) 질병형 무배당,12,M
1809,073,한화생명 연금저축 미래로기업복지연금보험(2종 계좌이체용)적립형 종신연금형,1809,073,한화생명 연금저축 미래로기업복지연금보험(2종 계좌이체용)적립형 종신연금형,1,M
1809,073,한화생명 연금저축 미래로기업복지연금보험(2종 계좌이체용)적립형 종신연금형,1809,077,한화생명 연금저축 미래로기업복지연금보험(2종 계좌이체용)거치형 종신연금형,0,M
1809,074,한화생명 연금저축 미래로기업복지연금보험(2종 계좌이체용)적립형 확정기간연금형(10년),1809,074,한화생명 연금저축 미래로기업복지연금보험(2종 계좌이체용)적립형 확정기간연금형(10년),1,M
1809,074,한화생명 연금저축 미래로기업복지연금보험(2종 계좌이체용)적립형 확정기간연금형(10년),1809,078,한화생명 연금저축 미래로기업복지연금보험(2종 계좌이체용)거치형 확정기간연금형(10년),0,M
1809,075,한화생명 연금저축 미래로기업복지연금보험(2종 계좌이체용)적립형 확정기간연금형(15년),1809,075,한화생명 연금저축 미래로기업복지연금보험(2종 계좌이체용)적립형 확정기간연금형(15년),1,M
1809,075,한화생명 연금저축 미래로기업복지연금보험(2종 계좌이체용)적립형 확정기간연금형(15년),1809,079,한화생명 연금저축 미래로기업복지연금보험(2종 계좌이체용)거치형 확정기간연금형(15년),0,M
1809,076,한화생명 연금저축 미래로기업복지연금보험(2종 계좌이체용)적립형 확정기간연금형(20년),1809,076,한화생명 연금저축 미래로기업복지연금보험(2종 계좌이체용)적립형 확정기간연금형(20년),1,M
1809,076,한화생명 연금저축 미래로기업복지연금보험(2종 계좌이체용)적립형 확정기간연금형(20년),1809,080,한화생명 연금저축 미래로기업복지연금보험(2종 계좌이체용)거치형 확정기간연금형(20년),0,M
1809,081,한화생명 연금저축 미래로기업복지연금보험(2종 계좌이체용)거치형 종신연금형,1809,081,한화생명 연금저축 미래로기업복지연금보험(2종 계좌이체용)거치형 종신연금형,0,M
1809,082,한화생명 연금저축 미래로기업복지연금보험(2종 계좌이체용)거치형 확정기간연금형(10년),1809,082,한화생명 연금저축 미래로기업복지연금보험(2종 계좌이체용)거치형 확정기간연금형(10년),0,M
1809,083,한화생명 연금저축 미래로기업복지연금보험(2종 계좌이체용)거치형 확정기간연금형(15년),1809,083,한화생명 연금저축 미래로기업복지연금보험(2종 계좌이체용)거치형 확정기간연금형(15년),0,M
1809,084,한화생명 연금저축 미래로기업복지연금보험(2종 계좌이체용)거치형 확정기간연금형(20년),1809,084,한화생명 연금저축 미래로기업복지연금보험(2종 계좌이체용)거치형 확정기간연금형(20년),0,M
1833,025,한화생명 Wealth직장인연금보험 무배당 (종신연금형 개인형),1833,025,한화생명 Wealth직장인연금보험 무배당 (종신연금형 개인형),1,M
1833,026,한화생명 Wealth직장인연금보험 무배당 (종신연금형 신부부형),1833,026,한화생명 Wealth직장인연금보험 무배당 (종신연금형 신부부형),1,M
1946,015,한화생명 노후실손의료비보장보험(갱신형) 상해형 무배당(재가입),1946,015,한화생명 노후실손의료비보장보험(갱신형) 상해형 무배당(재가입),1,M
1946,015,한화생명 노후실손의료비보장보험(갱신형) 상해형 무배당(재가입),1946,015,한화생명 노후실손의료비보장보험(갱신형) 상해형 무배당(재가입),3,M
1946,015,한화생명 노후실손의료비보장보험(갱신형) 상해형 무배당(재가입),1946,015,한화생명 노후실손의료비보장보험(갱신형) 상해형 무배당(재가입),6,M
1946,015,한화생명 노후실손의료비보장보험(갱신형) 상해형 무배당(재가입),1946,015,한화생명 노후실손의료비보장보험(갱신형) 상해형 무배당(재가입),12,M
1946,016,한화생명 노후실손의료비보장보험(갱신형) 질병형 무배당(재가입),1946,016,한화생명 노후실손의료비보장보험(갱신형) 질병형 무배당(재가입),1,M
1946,016,한화생명 노후실손의료비보장보험(갱신형) 질병형 무배당(재가입),1946,016,한화생명 노후실손의료비보장보험(갱신형) 질병형 무배당(재가입),3,M
1946,016,한화생명 노후실손의료비보장보험(갱신형) 질병형 무배당(재가입),1946,016,한화생명 노후실손의료비보장보험(갱신형) 질병형 무배당(재가입),6,M
1946,016,한화생명 노후실손의료비보장보험(갱신형) 질병형 무배당(재가입),1946,016,한화생명 노후실손의료비보장보험(갱신형) 질병형 무배당(재가입),12,M
1950,013,한화생명 튼튼이 치아보험(갱신형) 무배당 5년만기(80세),1950,013,한화생명 튼튼이 치아보험(갱신형) 무배당 5년만기(80세),1,M
1950,014,한화생명 튼튼이 치아보험(갱신형) 무배당 10년만기(80세),1950,014,한화생명 튼튼이 치아보험(갱신형) 무배당 10년만기(80세),1,M
1976,001,한화생명 간편가입 실손의료비보장보험(갱신형)(상해입원형) 무배당(재가입),1976,001,한화생명 간편가입 실손의료비보장보험(갱신형)(상해입원형) 무배당(재가입),1,M
1976,001,한화생명 간편가입 실손의료비보장보험(갱신형)(상해입원형) 무배당(재가입),1976,001,한화생명 간편가입 실손의료비보장보험(갱신형)(상해입원형) 무배당(재가입),3,M
1976,001,한화생명 간편가입 실손의료비보장보험(갱신형)(상해입원형) 무배당(재가입),1976,001,한화생명 간편가입 실손의료비보장보험(갱신형)(상해입원형) 무배당(재가입),6,M
1976,001,한화생명 간편가입 실손의료비보장보험(갱신형)(상해입원형) 무배당(재가입),1976,001,한화생명 간편가입 실손의료비보장보험(갱신형)(상해입원형) 무배당(재가입),12,M
1976,002,한화생명 간편가입 실손의료비보장보험(갱신형)(상해통원형) 무배당(재가입),1976,002,한화생명 간편가입 실손의료비보장보험(갱신형)(상해통원형) 무배당(재가입),1,M
1976,002,한화생명 간편가입 실손의료비보장보험(갱신형)(상해통원형) 무배당(재가입),1976,002,한화생명 간편가입 실손의료비보장보험(갱신형)(상해통원형) 무배당(재가입),3,M
1976,002,한화생명 간편가입 실손의료비보장보험(갱신형)(상해통원형) 무배당(재가입),1976,002,한화생명 간편가입 실손의료비보장보험(갱신형)(상해통원형) 무배당(재가입),6,M
1976,002,한화생명 간편가입 실손의료비보장보험(갱신형)(상해통원형) 무배당(재가입),1976,002,한화생명 간편가입 실손의료비보장보험(갱신형)(상해통원형) 무배당(재가입),12,M
1976,003,한화생명 간편가입 실손의료비보장보험(갱신형)(질병입원형) 무배당(재가입),1976,003,한화생명 간편가입 실손의료비보장보험(갱신형)(질병입원형) 무배당(재가입),1,M
1976,003,한화생명 간편가입 실손의료비보장보험(갱신형)(질병입원형) 무배당(재가입),1976,003,한화생명 간편가입 실손의료비보장보험(갱신형)(질병입원형) 무배당(재가입),3,M
1976,003,한화생명 간편가입 실손의료비보장보험(갱신형)(질병입원형) 무배당(재가입),1976,003,한화생명 간편가입 실손의료비보장보험(갱신형)(질병입원형) 무배당(재가입),6,M
1976,003,한화생명 간편가입 실손의료비보장보험(갱신형)(질병입원형) 무배당(재가입),1976,003,한화생명 간편가입 실손의료비보장보험(갱신형)(질병입원형) 무배당(재가입),12,M
1976,004,한화생명 간편가입 실손의료비보장보험(갱신형)(질병통원형) 무배당(재가입),1976,004,한화생명 간편가입 실손의료비보장보험(갱신형)(질병통원형) 무배당(재가입),1,M
1976,004,한화생명 간편가입 실손의료비보장보험(갱신형)(질병통원형) 무배당(재가입),1976,004,한화생명 간편가입 실손의료비보장보험(갱신형)(질병통원형) 무배당(재가입),3,M
1976,004,한화생명 간편가입 실손의료비보장보험(갱신형)(질병통원형) 무배당(재가입),1976,004,한화생명 간편가입 실손의료비보장보험(갱신형)(질병통원형) 무배당(재가입),6,M
1976,004,한화생명 간편가입 실손의료비보장보험(갱신형)(질병통원형) 무배당(재가입),1976,004,한화생명 간편가입 실손의료비보장보험(갱신형)(질병통원형) 무배당(재가입),12,M
1982,001,한화생명 기본형 급여 실손의료비보장보험(갱신형) 무배당(상해급여형),1982,001,한화생명 기본형 급여 실손의료비보장보험(갱신형) 무배당(상해급여형),1,M
1982,001,한화생명 기본형 급여 실손의료비보장보험(갱신형) 무배당(상해급여형),1982,001,한화생명 기본형 급여 실손의료비보장보험(갱신형) 무배당(상해급여형),3,M
1982,001,한화생명 기본형 급여 실손의료비보장보험(갱신형) 무배당(상해급여형),1982,001,한화생명 기본형 급여 실손의료비보장보험(갱신형) 무배당(상해급여형),6,M
1982,001,한화생명 기본형 급여 실손의료비보장보험(갱신형) 무배당(상해급여형),1982,001,한화생명 기본형 급여 실손의료비보장보험(갱신형) 무배당(상해급여형),12,M
1982,002,한화생명 기본형 급여 실손의료비보장보험(갱신형) 무배당(질병급여형),1982,002,한화생명 기본형 급여 실손의료비보장보험(갱신형) 무배당(질병급여형),1,M
1982,002,한화생명 기본형 급여 실손의료비보장보험(갱신형) 무배당(질병급여형),1982,002,한화생명 기본형 급여 실손의료비보장보험(갱신형) 무배당(질병급여형),3,M
1982,002,한화생명 기본형 급여 실손의료비보장보험(갱신형) 무배당(질병급여형),1982,002,한화생명 기본형 급여 실손의료비보장보험(갱신형) 무배당(질병급여형),6,M
1982,002,한화생명 기본형 급여 실손의료비보장보험(갱신형) 무배당(질병급여형),1982,002,한화생명 기본형 급여 실손의료비보장보험(갱신형) 무배당(질병급여형),12,M
1982,003,한화생명 기본형 급여 실손의료비보장보험(갱신형) 무배당(상해급여형)(태아가입용),1982,003,한화생명 기본형 급여 실손의료비보장보험(갱신형) 무배당(상해급여형)(태아가입용),1,M
1982,004,한화생명 기본형 급여 실손의료비보장보험(갱신형) 무배당(질병급여형)(태아가입용),1982,004,한화생명 기본형 급여 실손의료비보장보험(갱신형) 무배당(질병급여형)(태아가입용),1,M
1983,001,한화생명 기본형 급여 e실손의료비보장보험(갱신형) 무배당(상해급여형),1983,001,한화생명 기본형 급여 e실손의료비보장보험(갱신형) 무배당(상해급여형),1,M
1983,001,한화생명 기본형 급여 e실손의료비보장보험(갱신형) 무배당(상해급여형),1983,001,한화생명 기본형 급여 e실손의료비보장보험(갱신형) 무배당(상해급여형),3,M
1983,001,한화생명 기본형 급여 e실손의료비보장보험(갱신형) 무배당(상해급여형),1983,001,한화생명 기본형 급여 e실손의료비보장보험(갱신형) 무배당(상해급여형),6,M
1983,001,한화생명 기본형 급여 e실손의료비보장보험(갱신형) 무배당(상해급여형),1983,001,한화생명 기본형 급여 e실손의료비보장보험(갱신형) 무배당(상해급여형),12,M
1983,002,한화생명 기본형 급여 e실손의료비보장보험(갱신형) 무배당(질병급여형),1983,002,한화생명 기본형 급여 e실손의료비보장보험(갱신형) 무배당(질병급여형),1,M
1983,002,한화생명 기본형 급여 e실손의료비보장보험(갱신형) 무배당(질병급여형),1983,002,한화생명 기본형 급여 e실손의료비보장보험(갱신형) 무배당(질병급여형),3,M
1983,002,한화생명 기본형 급여 e실손의료비보장보험(갱신형) 무배당(질병급여형),1983,002,한화생명 기본형 급여 e실손의료비보장보험(갱신형) 무배당(질병급여형),6,M
1983,002,한화생명 기본형 급여 e실손의료비보장보험(갱신형) 무배당(질병급여형),1983,002,한화생명 기본형 급여 e실손의료비보장보험(갱신형) 무배당(질병급여형),12,M
1984,001,한화생명 기본형 급여 실손의료비보장보험[개인중지재개용](갱신형) 무배당(상해급여형)(종신갱신형),1984,001,한화생명 기본형 급여 실손의료비보장보험[개인중지재개용](갱신형) 무배당(상해급여형)(종신갱신형),1,M
1984,001,한화생명 기본형 급여 실손의료비보장보험[개인중지재개용](갱신형) 무배당(상해급여형)(종신갱신형),1984,001,한화생명 기본형 급여 실손의료비보장보험[개인중지재개용](갱신형) 무배당(상해급여형)(종신갱신형),3,M
1984,001,한화생명 기본형 급여 실손의료비보장보험[개인중지재개용](갱신형) 무배당(상해급여형)(종신갱신형),1984,001,한화생명 기본형 급여 실손의료비보장보험[개인중지재개용](갱신형) 무배당(상해급여형)(종신갱신형),6,M
1984,001,한화생명 기본형 급여 실손의료비보장보험[개인중지재개용](갱신형) 무배당(상해급여형)(종신갱신형),1984,001,한화생명 기본형 급여 실손의료비보장보험[개인중지재개용](갱신형) 무배당(상해급여형)(종신갱신형),12,M
1984,002,한화생명 기본형 급여 실손의료비보장보험[개인중지재개용](갱신형) 무배당(질병급여형)(종신갱신형),1984,002,한화생명 기본형 급여 실손의료비보장보험[개인중지재개용](갱신형) 무배당(질병급여형)(종신갱신형),1,M
1984,002,한화생명 기본형 급여 실손의료비보장보험[개인중지재개용](갱신형) 무배당(질병급여형)(종신갱신형),1984,002,한화생명 기본형 급여 실손의료비보장보험[개인중지재개용](갱신형) 무배당(질병급여형)(종신갱신형),3,M
1984,002,한화생명 기본형 급여 실손의료비보장보험[개인중지재개용](갱신형) 무배당(질병급여형)(종신갱신형),1984,002,한화생명 기본형 급여 실손의료비보장보험[개인중지재개용](갱신형) 무배당(질병급여형)(종신갱신형),6,M
1984,002,한화생명 기본형 급여 실손의료비보장보험[개인중지재개용](갱신형) 무배당(질병급여형)(종신갱신형),1984,002,한화생명 기본형 급여 실손의료비보장보험[개인중지재개용](갱신형) 무배당(질병급여형)(종신갱신형),12,M
1984,003,한화생명 기본형 급여 실손의료비보장보험[개인중지재개용](갱신형) 무배당(상해급여형)(100세형),1984,003,한화생명 기본형 급여 실손의료비보장보험[개인중지재개용](갱신형) 무배당(상해급여형)(100세형),1,M
1984,003,한화생명 기본형 급여 실손의료비보장보험[개인중지재개용](갱신형) 무배당(상해급여형)(100세형),1984,003,한화생명 기본형 급여 실손의료비보장보험[개인중지재개용](갱신형) 무배당(상해급여형)(100세형),3,M
1984,003,한화생명 기본형 급여 실손의료비보장보험[개인중지재개용](갱신형) 무배당(상해급여형)(100세형),1984,003,한화생명 기본형 급여 실손의료비보장보험[개인중지재개용](갱신형) 무배당(상해급여형)(100세형),6,M
1984,003,한화생명 기본형 급여 실손의료비보장보험[개인중지재개용](갱신형) 무배당(상해급여형)(100세형),1984,003,한화생명 기본형 급여 실손의료비보장보험[개인중지재개용](갱신형) 무배당(상해급여형)(100세형),12,M
1984,004,한화생명 기본형 급여 실손의료비보장보험[개인중지재개용](갱신형) 무배당(질병급여형)(100세형),1984,004,한화생명 기본형 급여 실손의료비보장보험[개인중지재개용](갱신형) 무배당(질병급여형)(100세형),1,M
1984,004,한화생명 기본형 급여 실손의료비보장보험[개인중지재개용](갱신형) 무배당(질병급여형)(100세형),1984,004,한화생명 기본형 급여 실손의료비보장보험[개인중지재개용](갱신형) 무배당(질병급여형)(100세형),3,M
1984,004,한화생명 기본형 급여 실손의료비보장보험[개인중지재개용](갱신형) 무배당(질병급여형)(100세형),1984,004,한화생명 기본형 급여 실손의료비보장보험[개인중지재개용](갱신형) 무배당(질병급여형)(100세형),6,M
1984,004,한화생명 기본형 급여 실손의료비보장보험[개인중지재개용](갱신형) 무배당(질병급여형)(100세형),1984,004,한화생명 기본형 급여 실손의료비보장보험[개인중지재개용](갱신형) 무배당(질병급여형)(100세형),12,M
1984,005,한화생명 기본형 급여 실손의료비보장보험[개인중지재개용](갱신형) 무배당(상해급여형)(80세형),1984,005,한화생명 기본형 급여 실손의료비보장보험[개인중지재개용](갱신형) 무배당(상해급여형)(80세형),1,M
1984,005,한화생명 기본형 급여 실손의료비보장보험[개인중지재개용](갱신형) 무배당(상해급여형)(80세형),1984,005,한화생명 기본형 급여 실손의료비보장보험[개인중지재개용](갱신형) 무배당(상해급여형)(80세형),3,M
1984,005,한화생명 기본형 급여 실손의료비보장보험[개인중지재개용](갱신형) 무배당(상해급여형)(80세형),1984,005,한화생명 기본형 급여 실손의료비보장보험[개인중지재개용](갱신형) 무배당(상해급여형)(80세형),6,M
1984,005,한화생명 기본형 급여 실손의료비보장보험[개인중지재개용](갱신형) 무배당(상해급여형)(80세형),1984,005,한화생명 기본형 급여 실손의료비보장보험[개인중지재개용](갱신형) 무배당(상해급여형)(80세형),12,M
1984,006,한화생명 기본형 급여 실손의료비보장보험[개인중지재개용](갱신형) 무배당(질병급여형)(80세형),1984,006,한화생명 기본형 급여 실손의료비보장보험[개인중지재개용](갱신형) 무배당(질병급여형)(80세형),1,M
1984,006,한화생명 기본형 급여 실손의료비보장보험[개인중지재개용](갱신형) 무배당(질병급여형)(80세형),1984,006,한화생명 기본형 급여 실손의료비보장보험[개인중지재개용](갱신형) 무배당(질병급여형)(80세형),3,M
1984,006,한화생명 기본형 급여 실손의료비보장보험[개인중지재개용](갱신형) 무배당(질병급여형)(80세형),1984,006,한화생명 기본형 급여 실손의료비보장보험[개인중지재개용](갱신형) 무배당(질병급여형)(80세형),6,M
1984,006,한화생명 기본형 급여 실손의료비보장보험[개인중지재개용](갱신형) 무배당(질병급여형)(80세형),1984,006,한화생명 기본형 급여 실손의료비보장보험[개인중지재개용](갱신형) 무배당(질병급여형)(80세형),12,M
1984,007,한화생명 기본형 급여 실손의료비보장보험[개인중지재개용](갱신형) 무배당(상해급여형)(30세형),1984,007,한화생명 기본형 급여 실손의료비보장보험[개인중지재개용](갱신형) 무배당(상해급여형)(30세형),1,M
1984,007,한화생명 기본형 급여 실손의료비보장보험[개인중지재개용](갱신형) 무배당(상해급여형)(30세형),1984,007,한화생명 기본형 급여 실손의료비보장보험[개인중지재개용](갱신형) 무배당(상해급여형)(30세형),3,M
1984,007,한화생명 기본형 급여 실손의료비보장보험[개인중지재개용](갱신형) 무배당(상해급여형)(30세형),1984,007,한화생명 기본형 급여 실손의료비보장보험[개인중지재개용](갱신형) 무배당(상해급여형)(30세형),6,M
1984,007,한화생명 기본형 급여 실손의료비보장보험[개인중지재개용](갱신형) 무배당(상해급여형)(30세형),1984,007,한화생명 기본형 급여 실손의료비보장보험[개인중지재개용](갱신형) 무배당(상해급여형)(30세형),12,M
1984,008,한화생명 기본형 급여 실손의료비보장보험[개인중지재개용](갱신형) 무배당(질병급여형)(30세형),1984,008,한화생명 기본형 급여 실손의료비보장보험[개인중지재개용](갱신형) 무배당(질병급여형)(30세형),1,M
1984,008,한화생명 기본형 급여 실손의료비보장보험[개인중지재개용](갱신형) 무배당(질병급여형)(30세형),1984,008,한화생명 기본형 급여 실손의료비보장보험[개인중지재개용](갱신형) 무배당(질병급여형)(30세형),3,M
1984,008,한화생명 기본형 급여 실손의료비보장보험[개인중지재개용](갱신형) 무배당(질병급여형)(30세형),1984,008,한화생명 기본형 급여 실손의료비보장보험[개인중지재개용](갱신형) 무배당(질병급여형)(30세형),6,M
1984,008,한화생명 기본형 급여 실손의료비보장보험[개인중지재개용](갱신형) 무배당(질병급여형)(30세형),1984,008,한화생명 기본형 급여 실손의료비보장보험[개인중지재개용](갱신형) 무배당(질병급여형)(30세형),12,M
1985,001,한화생명 기본형 급여 실손의료비보장보험[계약전환용](갱신형) 무배당(상해급여형)(100세형),1985,001,한화생명 기본형 급여 실손의료비보장보험[계약전환용](갱신형) 무배당(상해급여형)(100세형),1,M
1985,001,한화생명 기본형 급여 실손의료비보장보험[계약전환용](갱신형) 무배당(상해급여형)(100세형),1985,001,한화생명 기본형 급여 실손의료비보장보험[계약전환용](갱신형) 무배당(상해급여형)(100세형),3,M
1985,001,한화생명 기본형 급여 실손의료비보장보험[계약전환용](갱신형) 무배당(상해급여형)(100세형),1985,001,한화생명 기본형 급여 실손의료비보장보험[계약전환용](갱신형) 무배당(상해급여형)(100세형),6,M
1985,001,한화생명 기본형 급여 실손의료비보장보험[계약전환용](갱신형) 무배당(상해급여형)(100세형),1985,001,한화생명 기본형 급여 실손의료비보장보험[계약전환용](갱신형) 무배당(상해급여형)(100세형),12,M
1985,002,한화생명 기본형 급여 실손의료비보장보험[계약전환용](갱신형) 무배당(질병급여형)(100세형),1985,002,한화생명 기본형 급여 실손의료비보장보험[계약전환용](갱신형) 무배당(질병급여형)(100세형),1,M
1985,002,한화생명 기본형 급여 실손의료비보장보험[계약전환용](갱신형) 무배당(질병급여형)(100세형),1985,002,한화생명 기본형 급여 실손의료비보장보험[계약전환용](갱신형) 무배당(질병급여형)(100세형),3,M
1985,002,한화생명 기본형 급여 실손의료비보장보험[계약전환용](갱신형) 무배당(질병급여형)(100세형),1985,002,한화생명 기본형 급여 실손의료비보장보험[계약전환용](갱신형) 무배당(질병급여형)(100세형),6,M
1985,002,한화생명 기본형 급여 실손의료비보장보험[계약전환용](갱신형) 무배당(질병급여형)(100세형),1985,002,한화생명 기본형 급여 실손의료비보장보험[계약전환용](갱신형) 무배당(질병급여형)(100세형),12,M
1985,003,한화생명 기본형 급여 실손의료비보장보험[계약전환용](갱신형) 무배당(상해급여형)(30세형),1985,003,한화생명 기본형 급여 실손의료비보장보험[계약전환용](갱신형)무배당(상해급여형)(30세형),1,M
1985,003,한화생명 기본형 급여 실손의료비보장보험[계약전환용](갱신형) 무배당(상해급여형)(30세형),1985,003,한화생명 기본형 급여 실손의료비보장보험[계약전환용](갱신형)무배당(상해급여형)(30세형),3,M
1985,003,한화생명 기본형 급여 실손의료비보장보험[계약전환용](갱신형) 무배당(상해급여형)(30세형),1985,003,한화생명 기본형 급여 실손의료비보장보험[계약전환용](갱신형)무배당(상해급여형)(30세형),6,M
1985,003,한화생명 기본형 급여 실손의료비보장보험[계약전환용](갱신형) 무배당(상해급여형)(30세형),1985,003,한화생명 기본형 급여 실손의료비보장보험[계약전환용](갱신형)무배당(상해급여형)(30세형),12,M
1985,004,한화생명 기본형 급여 실손의료비보장보험[계약전환용](갱신형) 무배당(질병급여형)(30세형),1985,004,한화생명 기본형 급여 실손의료비보장보험[계약전환용](갱신형) 무배당(질병급여형)(30세형),1,M
1985,004,한화생명 기본형 급여 실손의료비보장보험[계약전환용](갱신형) 무배당(질병급여형)(30세형),1985,004,한화생명 기본형 급여 실손의료비보장보험[계약전환용](갱신형) 무배당(질병급여형)(30세형),3,M
1985,004,한화생명 기본형 급여 실손의료비보장보험[계약전환용](갱신형) 무배당(질병급여형)(30세형),1985,004,한화생명 기본형 급여 실손의료비보장보험[계약전환용](갱신형) 무배당(질병급여형)(30세형),6,M
1985,004,한화생명 기본형 급여 실손의료비보장보험[계약전환용](갱신형) 무배당(질병급여형)(30세형),1985,004,한화생명 기본형 급여 실손의료비보장보험[계약전환용](갱신형) 무배당(질병급여형)(30세형),12,M
1986,001,한화생명 기본형 급여 실손의료비보장보험[단체개인전환용](갱신형) 무배당(상해급여형)(100세형),1986,001,한화생명 기본형 급여 실손의료비보장보험[단체개인전환용](갱신형) 무배당(상해급여형)(100세형),1,M
1986,001,한화생명 기본형 급여 실손의료비보장보험[단체개인전환용](갱신형) 무배당(상해급여형)(100세형),1986,001,한화생명 기본형 급여 실손의료비보장보험[단체개인전환용](갱신형) 무배당(상해급여형)(100세형),3,M
1986,001,한화생명 기본형 급여 실손의료비보장보험[단체개인전환용](갱신형) 무배당(상해급여형)(100세형),1986,001,한화생명 기본형 급여 실손의료비보장보험[단체개인전환용](갱신형) 무배당(상해급여형)(100세형),6,M
1986,001,한화생명 기본형 급여 실손의료비보장보험[단체개인전환용](갱신형) 무배당(상해급여형)(100세형),1986,001,한화생명 기본형 급여 실손의료비보장보험[단체개인전환용](갱신형) 무배당(상해급여형)(100세형),12,M
1986,002,한화생명 기본형 급여 실손의료비보장보험[단체개인전환용](갱신형) 무배당(질병급여형)(100세형),1986,002,한화생명 기본형 급여 실손의료비보장보험[단체개인전환용](갱신형) 무배당(질병급여형)(100세형),1,M
1986,002,한화생명 기본형 급여 실손의료비보장보험[단체개인전환용](갱신형) 무배당(질병급여형)(100세형),1986,002,한화생명 기본형 급여 실손의료비보장보험[단체개인전환용](갱신형) 무배당(질병급여형)(100세형),3,M
1986,002,한화생명 기본형 급여 실손의료비보장보험[단체개인전환용](갱신형) 무배당(질병급여형)(100세형),1986,002,한화생명 기본형 급여 실손의료비보장보험[단체개인전환용](갱신형) 무배당(질병급여형)(100세형),6,M
1986,002,한화생명 기본형 급여 실손의료비보장보험[단체개인전환용](갱신형) 무배당(질병급여형)(100세형),1986,002,한화생명 기본형 급여 실손의료비보장보험[단체개인전환용](갱신형) 무배당(질병급여형)(100세형),12,M
2042,053,한화생명 스마트하이브리드연금보험 무배당 거치형 1종(연금강화형)(종신연금형) 가산할인형,2042,053,한화생명 스마트하이브리드연금보험 무배당 거치형 1종(연금강화형) 종신연금형 가산할인형,0,M
2042,054,한화생명 스마트하이브리드연금보험 무배당 거치형 2종(기본형)(종신연금형) 가산할인형,2042,054,한화생명 스마트하이브리드연금보험 무배당 거치형 2종(기본형)(종신연금형) 가산할인형,0,M
2042,055,"한화생명 스마트하이브리드연금보험 무배당 거치형 3종(가족사랑형)(가족종신연금,가족사랑연금) 가산할인형",2042,055,"한화생명 스마트하이브리드연금보험 무배당 거치형 3종(가족사랑형)(가족종신연금,가족사랑연금) 가산할인형",0,M
2042,056,한화생명 스마트하이브리드연금보험 무배당 적립형 2종(기본형)(종신연금형) 가산할인형,2042,056,한화생명 스마트하이브리드연금보험 무배당 적립형 2종(기본형)(종신연금형) 가산할인형,1,M
2042,057,"한화생명 스마트하이브리드연금보험 무배당 적립형 3종(가족사랑형)(가족종신연금,가족사랑연금) 가산할인형",2042,057,"한화생명 스마트하이브리드연금보험 무배당 적립형 3종(가족사랑형)(가족종신연금,가족사랑연금) 가산할인형",1,M
2061,001,"한화생명 e암보험(비갱신형) 무배당[표준체형](해약환급금 미지급형(납입기간중 0%, 납입기간후 50%))",2061,001,"한화생명 e암보험(비갱신형) 무배당[표준체형](해약환급금 미지급형(납입기간중 0%, 납입기간후 50%))",1,M
2061,002,"한화생명 e암보험(비갱신형) 무배당[비흡연체형](해약환급금 미지급형(납입기간중 0%, 납입기간후 50%))",2061,002,"한화생명 e암보험(비갱신형) 무배당[비흡연체형](해약환급금 미지급형(납입기간중 0%, 납입기간후 50%))",1,M
2126,A01,"한화생명 진심가득H보장보험 무배당 보장형 계약[해약환급금 일부지급형(납입기간중 50%, 납입기간후 100%)] 1종(출생아가입형)",2126,001,"한화생명 진심가득H보장보험 무배당 보장형 계약[해약환급금 일부지급형(납입기간중 50%, 납입기간후 100%)] 1종(출생아가입형)",1,M
2126,A02,"한화생명 진심가득H보장보험 무배당 보장형 계약[해약환급금 일부지급형(납입기간중 50%, 납입기간후 100%)] 2종(태아가입형 23주 이내)",2126,002,"한화생명 진심가득H보장보험 무배당 보장형 계약[해약환급금 일부지급형(납입기간중 50%, 납입기간후 100%)] 2종(태아가입형 23주 이내)",1,M
2126,A03,"한화생명 진심가득H보장보험 무배당 보장형 계약[해약환급금 일부지급형(납입기간중 50%, 납입기간후 100%)] 3종(태아가입형 23주 초과)",2126,003,"한화생명 진심가득H보장보험 무배당 보장형 계약[해약환급금 일부지급형(납입기간중 50%, 납입기간후 100%)] 3종(태아가입형 23주 초과)",1,M
2126,A04,한화생명 상생친구 보장보험 무배당 보장형 계약 1종(출생아가입형),2126,004,한화생명 상생친구 보장보험 무배당 보장형 계약 1종(출생아가입형),1,M
2126,A05,한화생명 상생친구 보장보험 무배당 보장형 계약 2종(태아가입형 23주 이내),2126,005,한화생명 상생친구 보장보험 무배당 보장형 계약 2종(태아가입형 23주 이내),1,M
2126,A06,한화생명 상생친구 보장보험 무배당 보장형 계약 3종(태아가입형 23주 초과),2126,006,한화생명 상생친구 보장보험 무배당 보장형 계약 3종(태아가입형 23주 초과),1,M
2129,A01,"한화생명 상속H종신보험 무배당 1종(기납입플러스형)(해약환급금 미지급형(납입기간중 0%, 납입기간후 50%))(표준체)",2129,001,"한화생명 상속H종신보험 무배당 1종(기납입플러스형)(해약환급금 미지급형(납입기간중 0%, 납입기간후 50%))(표준체)",1,M
2129,A02,"한화생명 상속H종신보험 무배당 1종(기납입플러스형)(해약환급금 미지급형(납입기간중 0%, 납입기간후 50%))(건강체)",2129,002,"한화생명 상속H종신보험 무배당 1종(기납입플러스형)(해약환급금 미지급형(납입기간중 0%, 납입기간후 50%))(건강체)",1,M
2129,A03,"한화생명 상속H종신보험 무배당 2종(기본형)(해약환급금 미지급형(납입기간중 0%, 납입기간후 50%))(표준체)",2129,003,"한화생명 상속H종신보험 무배당 2종(기본형)(해약환급금 미지급형(납입기간중 0%, 납입기간후 50%))(표준체)",1,M
2129,A04,"한화생명 상속H종신보험 무배당 2종(기본형)(해약환급금 미지급형(납입기간중 0%, 납입기간후 50%))(건강체)",2129,004,"한화생명 상속H종신보험 무배당 2종(기본형)(해약환급금 미지급형(납입기간중 0%, 납입기간후 50%))(건강체)",1,M
2130,A01,"한화생명 간편가입 상속H종신보험 무배당 1종(기납입플러스형)(해약환급금 미지급형(납입기간중 0%, 납입기간후 50%))",2130,001,"한화생명 간편가입 상속H종신보험 무배당 1종(기납입플러스형)(해약환급금 미지급형(납입기간중 0%, 납입기간후 50%))",1,M
2130,A02,"한화생명 간편가입 상속H종신보험 무배당 2종(기본형)(해약환급금 미지급형(납입기간중 0%, 납입기간후 50%))",2130,002,"한화생명 간편가입 상속H종신보험 무배당 2종(기본형)(해약환급금 미지급형(납입기간중 0%, 납입기간후 50%))",1,M
2170,A01,"한화생명 H간병보험 무배당 간편가입형(2년)(해약환급금 미지급형(납입기간중 0%, 납입기간후 50%))",2170,001,"한화생명 H간병보험 무배당 간편가입형(2년)(해약환급금 미지급형(납입기간중 0%, 납입기간후 50%))",1,M
2170,A02,"한화생명 H간병보험 무배당 일반가입형(해약환급금 미지급형(납입기간중 0%, 납입기간후 50%))",2170,002,"한화생명 H간병보험 무배당 일반가입형(해약환급금 미지급형(납입기간중 0%, 납입기간후 50%))",1,M
2170,A03,"한화생명 H간병보험 무배당 치매보장플랜형(해약환급금 미지급형(납입기간중 0%, 납입기간후 50%))",2170,003,"한화생명 H간병보험 무배당 치매보장플랜형(해약환급금 미지급형(납입기간중 0%, 납입기간후 50%))",1,M
2170,A04,"한화생명 H보장보험Ⅰ 무배당 간편가입형(2년)(해약환급금 미지급형(납입기간중 0%, 납입기간후 50%))",2170,004,"한화생명 H보장보험Ⅰ 무배당 간편가입형(2년)(해약환급금 미지급형(납입기간중 0%, 납입기간후 50%))",1,M
2170,A05,"한화생명 H보장보험Ⅰ 무배당 일반가입형(해약환급금 미지급형(납입기간중 0%, 납입기간후 50%))",2170,005,"한화생명 H보장보험Ⅰ 무배당 일반가입형(해약환급금 미지급형(납입기간중 0%, 납입기간후 50%))",1,M
2204,A01,"한화생명 시그니처H암보험 무배당 해약환급금 미지급형(납입기간중 0%, 납입기간후 50%)",2204,001,"한화생명 시그니처H암보험 무배당 해약환급금 미지급형(납입기간중 0%, 납입기간후 50%)",1,M
2204,A02,"한화생명 시그니처H보장보험 무배당 해약환급금 미지급형(납입기간중 0%, 납입기간후 50%)",2204,002,"한화생명 시그니처H보장보험 무배당 해약환급금 미지급형(납입기간중 0%, 납입기간후 50%)",1,M
2205,A01,"한화생명 간편가입 시그니처H암보험 무배당 해약환급금 미지급형(납입기간중 0%, 납입기간후 50%)",2205,001,"한화생명 간편가입 시그니처H암보험 무배당 해약환급금 미지급형(납입기간중 0%, 납입기간후 50%)",1,M
2205,A02,"한화생명 간편가입 시그니처H보장보험 무배당 해약환급금 미지급형(납입기간중 0%, 납입기간후 50%)",2205,002,"한화생명 간편가입 시그니처H보장보험 무배당 해약환급금 미지급형(납입기간중 0%, 납입기간후 50%)",1,M
2207,A03,한화생명 제로백H종신보험 무배당 보장형 계약 1종(해약환급금 일부지급형Ⅰ) 표준체,2207,003,한화생명 제로백H종신보험 무배당 보장형 계약 1종(해약환급금 일부지급형Ⅰ) 표준체,1,M
2207,A04,한화생명 제로백H종신보험 무배당 보장형 계약 1종(해약환급금 일부지급형Ⅰ) 건강체,2207,004,한화생명 제로백H종신보험 무배당 보장형 계약 1종(해약환급금 일부지급형Ⅰ) 건강체,1,M
2207,A10,한화생명 제로백H종신보험 무배당 보장형 계약 2종(해약환급금 일부지급형Ⅱ) 표준체,2207,010,한화생명 제로백H종신보험 무배당 보장형 계약 2종(해약환급금 일부지급형Ⅱ) 표준체,1,M
2207,A11,한화생명 제로백H종신보험 무배당 보장형 계약 2종(해약환급금 일부지급형Ⅱ) 건강체,2207,011,한화생명 제로백H종신보험 무배당 보장형 계약 2종(해약환급금 일부지급형Ⅱ) 건강체,1,M
2208,A02,한화생명 간편가입 제로백H종신보험 무배당 보장형 계약 1종(해약환급금 일부지급형Ⅰ),2208,002,한화생명 간편가입 제로백H종신보험 무배당 보장형 계약 1종(해약환급금 일부지급형Ⅰ),1,M
2208,A06,한화생명 간편가입 제로백H종신보험 무배당 보장형 계약 2종(해약환급금 일부지급형Ⅱ),2208,006,한화생명 간편가입 제로백H종신보험 무배당 보장형 계약 2종(해약환급금 일부지급형Ⅱ),1,M
2209,A01,한화생명 H종신보험 무배당 보장형 계약 1종(기본납입면제형) 해약환급금 일부지급형Ⅰ(납입기간중 50%) 표준체,2209,001,한화생명 H종신보험 무배당 보장형 계약 1종(기본납입면제형) 해약환급금 일부지급형Ⅰ(납입기간중 50%) 표준체,1,M
2209,A02,한화생명 H종신보험 무배당 보장형 계약 1종(기본납입면제형) 해약환급금 일부지급형Ⅰ(납입기간중 50%) 건강체,2209,002,한화생명 H종신보험 무배당 보장형 계약 1종(기본납입면제형) 해약환급금 일부지급형Ⅰ(납입기간중 50%) 건강체,1,M
2209,A03,한화생명 H종신보험 무배당 보장형 계약 1종(기본납입면제형) 해약환급금 일부지급형Ⅱ(납입기간중 50%) 표준체,2209,003,한화생명 H종신보험 무배당 보장형 계약 1종(기본납입면제형) 해약환급금 일부지급형Ⅱ(납입기간중 50%) 표준체,1,M
2209,A04,한화생명 H종신보험 무배당 보장형 계약 1종(기본납입면제형) 해약환급금 일부지급형Ⅱ(납입기간중 50%) 건강체,2209,004,한화생명 H종신보험 무배당 보장형 계약 1종(기본납입면제형) 해약환급금 일부지급형Ⅱ(납입기간중 50%) 건강체,1,M
2209,A05,한화생명 H종신보험 무배당 보장형 계약 2종(3대질병납입면제형) 해약환급금 일부지급형Ⅰ(납입기간중 50%) 표준체,2209,005,한화생명 H종신보험 무배당 보장형 계약 2종(3대질병납입면제형) 해약환급금 일부지급형Ⅰ(납입기간중 50%) 표준체,1,M
2209,A06,한화생명 H종신보험 무배당 보장형 계약 2종(3대질병납입면제형) 해약환급금 일부지급형Ⅰ(납입기간중 50%) 건강체,2209,006,한화생명 H종신보험 무배당 보장형 계약 2종(3대질병납입면제형) 해약환급금 일부지급형Ⅰ(납입기간중 50%) 건강체,1,M
2209,A07,한화생명 H종신보험 무배당 보장형 계약 2종(3대질병납입면제형) 해약환급금 일부지급형Ⅱ(납입기간중 50%) 표준체,2209,007,한화생명 H종신보험 무배당 보장형 계약 2종(3대질병납입면제형) 해약환급금 일부지급형Ⅱ(납입기간중 50%) 표준체,1,M
2209,A08,한화생명 H종신보험 무배당 보장형 계약 2종(3대질병납입면제형) 해약환급금 일부지급형Ⅱ(납입기간중 50%) 건강체,2209,008,한화생명 H종신보험 무배당 보장형 계약 2종(3대질병납입면제형) 해약환급금 일부지급형Ⅱ(납입기간중 50%) 건강체,1,M
2210,A01,한화생명 간편가입 H종신보험 무배당 보장형 계약 1종(기본납입면제형) 해약환급금 일부지급형Ⅰ(납입기간중 50%),2210,001,한화생명 간편가입 H종신보험 무배당 보장형 계약 1종(기본납입면제형) 해약환급금 일부지급형Ⅰ(납입기간중 50%),1,M
2210,A02,한화생명 간편가입 H종신보험 무배당 보장형 계약 1종(기본납입면제형) 해약환급금 일부지급형Ⅱ(납입기간중 50%),2210,002,한화생명 간편가입 H종신보험 무배당 보장형 계약 1종(기본납입면제형) 해약환급금 일부지급형Ⅱ(납입기간중 50%),1,M
2210,A03,한화생명 간편가입 H종신보험 무배당 보장형 계약 2종(3대질병납입면제형) 해약환급금 일부지급형Ⅰ(납입기간중 50%),2210,003,한화생명 간편가입 H종신보험 무배당 보장형 계약 2종(3대질병납입면제형) 해약환급금 일부지급형Ⅰ(납입기간중 50%),1,M
2210,A04,한화생명 간편가입 H종신보험 무배당 보장형 계약 2종(3대질병납입면제형) 해약환급금 일부지급형Ⅱ(납입기간중 50%),2210,004,한화생명 간편가입 H종신보험 무배당 보장형 계약 2종(3대질병납입면제형) 해약환급금 일부지급형Ⅱ(납입기간중 50%),1,M
2236,002,한화생명 스마트H상해보험 무배당 2종 1형(기본형),2236,002,한화생명 스마트H상해보험 무배당 2종 1형(기본형),1,M
2236,003,한화생명 스마트H상해보험 무배당 2종 2형(보장강화형),2236,003,한화생명 스마트H상해보험 무배당 2종 2형(보장강화형),6,M
2236,003,한화생명 스마트H상해보험 무배당 2종 2형(보장강화형),2236,003,한화생명 스마트H상해보험 무배당 2종 2형(보장강화형),12,M
2236,006,한화생명 스마트V상해보험 무배당 1종 1형(기본형),2236,006,한화생명 스마트V상해보험 무배당 1종 1형(기본형),1,M
2236,007,한화생명 스마트V상해보험 무배당 1종 2형(보장강화형),2236,007,한화생명 스마트V상해보험 무배당 1종 2형(보장강화형),6,M
2236,007,한화생명 스마트V상해보험 무배당 1종 2형(보장강화형),2236,007,한화생명 스마트V상해보험 무배당 1종 2형(보장강화형),12,M
2242,A01,한화생명 경영인H정기보험 무배당 보장형 계약 1종(5%체증형) 해약환급금 일부지급형 표준체,2242,001,한화생명 경영인H정기보험 무배당 보장형 계약 1종(5%체증형) 해약환급금 일부지급형 표준체,1,M
2242,A02,한화생명 경영인H정기보험 무배당 보장형 계약 1종(5%체증형) 해약환급금 일부지급형 건강체,2242,002,한화생명 경영인H정기보험 무배당 보장형 계약 1종(5%체증형) 해약환급금 일부지급형 건강체,1,M
2242,A03,한화생명 경영인H정기보험 무배당 보장형 계약 2종(10%체증형) 해약환급금 일부지급형 표준체,2242,003,한화생명 경영인H정기보험 무배당 보장형 계약 2종(10%체증형) 해약환급금 일부지급형 표준체,1,M
2242,A04,한화생명 경영인H정기보험 무배당 보장형 계약 2종(10%체증형) 해약환급금 일부지급형 건강체,2242,004,한화생명 경영인H정기보험 무배당 보장형 계약 2종(10%체증형) 해약환급금 일부지급형 건강체,1,M
2243,A01,한화생명 간편가입 경영인H정기보험 무배당 보장형 계약 1종(5%체증형) 해약환급금 일부지급형,2243,001,한화생명 간편가입 경영인H정기보험 무배당 보장형 계약 1종(5%체증형) 해약환급금 일부지급형,1,M
2243,A02,한화생명 간편가입 경영인H정기보험 무배당 보장형 계약 2종(10%체증형) 해약환급금 일부지급형,2243,002,한화생명 간편가입 경영인H정기보험 무배당 보장형 계약 2종(10%체증형) 해약환급금 일부지급형,1,M
2244,A01,"한화생명 케어백간병플러스보험 무배당 간편가입형(0년) 해약환급금 일부지급형(납입기간중 50%, 납입기간후 100%)",2244,001,"한화생명 케어백간병플러스보험 무배당 간편가입형(0년) 해약환급금 일부지급형(납입기간중 50%, 납입기간후 100%)",1,M
2244,A02,"한화생명 케어백간병플러스보험 무배당 간편가입형(2년) 해약환급금 일부지급형(납입기간중 50%, 납입기간후 100%)",2244,002,"한화생명 케어백간병플러스보험 무배당 간편가입형(2년) 해약환급금 일부지급형(납입기간중 50%, 납입기간후 100%)",1,M
2244,A03,"한화생명 케어백간병플러스보험 무배당 간편가입형(5년) 해약환급금 일부지급형(납입기간중 50%, 납입기간후 100%)",2244,003,"한화생명 케어백간병플러스보험 무배당 간편가입형(5년) 해약환급금 일부지급형(납입기간중 50%, 납입기간후 100%)",1,M
2244,A04,"한화생명 케어백간병플러스보험 무배당 간편가입형(10년) 해약환급금 일부지급형(납입기간중 50%, 납입기간후 100%)",2244,004,"한화생명 케어백간병플러스보험 무배당 간편가입형(10년) 해약환급금 일부지급형(납입기간중 50%, 납입기간후 100%)",1,M
2244,A05,"한화생명 케어백간병플러스보험 무배당 일반가입형 해약환급금 일부지급형(납입기간중 50%, 납입기간후 100%)",2244,005,"한화생명 케어백간병플러스보험 무배당 일반가입형 해약환급금 일부지급형(납입기간중 50%, 납입기간후 100%)",1,M
2246,A01,"한화생명 H건강플러스보험 무배당 보장형계약 맞춤고지형 간편가입형(0년) 해약환급금 일부지급형(납입기간중 50%, 납입기간후 100%)",2246,001,"한화생명 H건강플러스보험 무배당 보장형계약 맞춤고지형 간편가입형(0년) 해약환급금 일부지급형(납입기간중 50%, 납입기간후 100%)",1,M
2246,A02,"한화생명 H건강플러스보험 무배당 보장형계약 맞춤고지형 간편가입형(1년) 해약환급금 일부지급형(납입기간중 50%, 납입기간후 100%)",2246,002,"한화생명 H건강플러스보험 무배당 보장형계약 맞춤고지형 간편가입형(1년) 해약환급금 일부지급형(납입기간중 50%, 납입기간후 100%)",1,M
2246,A03,"한화생명 H건강플러스보험 무배당 보장형계약 맞춤고지형 간편가입형(2년) 해약환급금 일부지급형(납입기간중 50%, 납입기간후 100%)",2246,003,"한화생명 H건강플러스보험 무배당 보장형계약 맞춤고지형 간편가입형(2년) 해약환급금 일부지급형(납입기간중 50%, 납입기간후 100%)",1,M
2246,A04,"한화생명 H건강플러스보험 무배당 보장형계약 맞춤고지형 간편가입형(3년) 해약환급금 일부지급형(납입기간중 50%, 납입기간후 100%)",2246,004,"한화생명 H건강플러스보험 무배당 보장형계약 맞춤고지형 간편가입형(3년) 해약환급금 일부지급형(납입기간중 50%, 납입기간후 100%)",1,M
2246,A05,"한화생명 H건강플러스보험 무배당 보장형계약 맞춤고지형 간편가입형(4년) 해약환급금 일부지급형(납입기간중 50%, 납입기간후 100%)",2246,005,"한화생명 H건강플러스보험 무배당 보장형계약 맞춤고지형 간편가입형(4년) 해약환급금 일부지급형(납입기간중 50%, 납입기간후 100%)",1,M
2246,A06,"한화생명 H건강플러스보험 무배당 보장형계약 맞춤고지형 간편가입형(5년) 해약환급금 일부지급형(납입기간중 50%, 납입기간후 100%)",2246,006,"한화생명 H건강플러스보험 무배당 보장형계약 맞춤고지형 간편가입형(5년) 해약환급금 일부지급형(납입기간중 50%, 납입기간후 100%)",1,M
2246,A07,"한화생명 H건강플러스보험 무배당 보장형계약 맞춤고지형 간편가입형(10년) 해약환급금 일부지급형(납입기간중 50%, 납입기간후 100%)",2246,007,"한화생명 H건강플러스보험 무배당 보장형계약 맞춤고지형 간편가입형(10년) 해약환급금 일부지급형(납입기간중 50%, 납입기간후 100%)",1,M
2246,A08,"한화생명 H건강플러스보험 무배당 보장형계약 맞춤고지형 일반가입형Ⅱ 해약환급금 일부지급형(납입기간중 50%, 납입기간후 100%)",2246,008,"한화생명 H건강플러스보험 무배당 보장형계약 맞춤고지형 일반가입형Ⅱ 해약환급금 일부지급형(납입기간중 50%, 납입기간후 100%)",1,M
2246,A09,"한화생명 H건강플러스보험 무배당 보장형계약 일반고지형 일반가입형Ⅰ 해약환급금 일부지급형(납입기간중 50%, 납입기간후 100%)",2246,009,"한화생명 H건강플러스보험 무배당 보장형계약 일반고지형 일반가입형Ⅰ 해약환급금 일부지급형(납입기간중 50%, 납입기간후 100%)",1,M
2248,A01,"한화생명 Need AI 암보험 무배당 해약환급금 미지급형(납입기간중 0%, 납입기간후 50%)",2248,001,"한화생명 Need AI 암보험 무배당 해약환급금 미지급형(납입기간중 0%, 납입기간후 50%)",1,M
2249,A01,"한화생명 간편가입 Need AI 암보험 무배당 간편가입형(0년) 해약환급금 미지급형(납입기간중 0%, 납입기간후 50%)",2249,001,"한화생명 간편가입 Need AI 암보험 무배당 간편가입형(0년) 해약환급금 미지급형(납입기간중 0%, 납입기간후 50%)",1,M
2249,A02,"한화생명 간편가입 Need AI 암보험 무배당 간편가입형(5년) 해약환급금 미지급형(납입기간중 0%, 납입기간후 50%)",2249,002,"한화생명 간편가입 Need AI 암보험 무배당 간편가입형(5년) 해약환급금 미지급형(납입기간중 0%, 납입기간후 50%)",1,M
2250,A01,한화생명 하나로H종신보험 무배당 보장형 계약 1종(해약환급금 일부지급형Ⅰ) 표준체,2250,001,한화생명 하나로H종신보험 무배당 보장형 계약 1종(해약환급금 일부지급형Ⅰ) 표준체,1,M
2250,A02,한화생명 하나로H종신보험 무배당 보장형 계약 1종(해약환급금 일부지급형Ⅰ) 건강체,2250,002,한화생명 하나로H종신보험 무배당 보장형 계약 1종(해약환급금 일부지급형Ⅰ) 건강체,1,M
2250,A03,한화생명 하나로H종신보험 무배당 보장형 계약 2종(해약환급금 일부지급형Ⅱ) 표준체,2250,003,한화생명 하나로H종신보험 무배당 보장형 계약 2종(해약환급금 일부지급형Ⅱ) 표준체,1,M
2250,A04,한화생명 하나로H종신보험 무배당 보장형 계약 2종(해약환급금 일부지급형Ⅱ) 건강체,2250,004,한화생명 하나로H종신보험 무배당 보장형 계약 2종(해약환급금 일부지급형Ⅱ) 건강체,1,M
2250,A05,한화생명 하나로H종신보험 무배당 보장형 계약 3종(해약환급금 일부지급형Ⅲ) 표준체,2250,005,한화생명 하나로H종신보험 무배당 보장형 계약 3종(해약환급금 일부지급형Ⅲ) 표준체,1,M
2250,A06,한화생명 하나로H종신보험 무배당 보장형 계약 3종(해약환급금 일부지급형Ⅲ) 건강체,2250,006,한화생명 하나로H종신보험 무배당 보장형 계약 3종(해약환급금 일부지급형Ⅲ) 건강체,1,M
2251,A01,한화생명 간편가입 하나로H종신보험 무배당 보장형 계약 1종(해약환급금 일부지급형Ⅰ),2251,001,한화생명 간편가입 하나로H종신보험 무배당 보장형 계약 1종(해약환급금 일부지급형Ⅰ),1,M
2251,A02,한화생명 간편가입 하나로H종신보험 무배당 보장형 계약 2종(해약환급금 일부지급형Ⅱ),2251,002,한화생명 간편가입 하나로H종신보험 무배당 보장형 계약 2종(해약환급금 일부지급형Ⅱ),1,M
2251,A03,한화생명 간편가입 하나로H종신보험 무배당 보장형 계약 3종(해약환급금 일부지급형Ⅲ),2251,003,한화생명 간편가입 하나로H종신보험 무배당 보장형 계약 3종(해약환급금 일부지급형Ⅲ),1,M
2253,A01,"한화생명 H당뇨보험 무배당 해약환급금 미지급형(납입기간중 0%, 납입기간후 50%)",2253,001,"한화생명 H당뇨보험 무배당 해약환급금 미지급형(납입기간중 0%, 납입기간후 50%)",1,M
2254,A01,"한화생명 간편가입 H당뇨보험 무배당 해약환급금 미지급형(납입기간 중 0%, 납입기간후 50%)",2254,001,"한화생명 간편가입 H당뇨보험 무배당 해약환급금 미지급형(납입기간중 0%, 납입기간후 50%)",1,M
2255,A01,한화생명 포켓골절보험 무배당,2255,001,한화생명 포켓골절보험 무배당,0,M
2256,A01,한화생명 간편가입 포켓골절보험 무배당,2256,001,한화생명 간편가입 포켓골절보험 무배당,0,M
2257,A01,"한화생명 시그니처 H통합건강보험 무배당 간편가입형(0년) 해약환급금 미지급형(납입기간중 0%, 납입기간후 50%) ",2257,001,"한화생명 시그니처 H통합건강보험 무배당 간편가입형(0년) 해약환급금 미지급형(납입기간중 0%, 납입기간후 50%)",1,M
2257,A02,"한화생명 시그니처 H통합건강보험 무배당 간편가입형(1년) 해약환급금 미지급형(납입기간중 0%, 납입기간후 50%) ",2257,002,"한화생명 시그니처 H통합건강보험 무배당 간편가입형(1년) 해약환급금 미지급형(납입기간중 0%, 납입기간후 50%)",1,M
2257,A03,"한화생명 시그니처 H통합건강보험 무배당 간편가입형(2년) 해약환급금 미지급형(납입기간중 0%, 납입기간후 50%) ",2257,003,"한화생명 시그니처 H통합건강보험 무배당 간편가입형(2년) 해약환급금 미지급형(납입기간중 0%, 납입기간후 50%)",1,M
2257,A04,"한화생명 시그니처 H통합건강보험 무배당 간편가입형(3년) 해약환급금 미지급형(납입기간중 0%, 납입기간후 50%) ",2257,004,"한화생명 시그니처 H통합건강보험 무배당 간편가입형(3년) 해약환급금 미지급형(납입기간중 0%, 납입기간후 50%)",1,M
2257,A05,"한화생명 시그니처 H통합건강보험 무배당 간편가입형(4년) 해약환급금 미지급형(납입기간중 0%, 납입기간후 50%) ",2257,005,"한화생명 시그니처 H통합건강보험 무배당 간편가입형(4년) 해약환급금 미지급형(납입기간중 0%, 납입기간후 50%)",1,M
2257,A06,"한화생명 시그니처 H통합건강보험 무배당 간편가입형(5년) 해약환급금 미지급형(납입기간중 0%, 납입기간후 50%) ",2257,006,"한화생명 시그니처 H통합건강보험 무배당 간편가입형(5년) 해약환급금 미지급형(납입기간중 0%, 납입기간후 50%)",1,M
2257,A07,"한화생명 시그니처 H통합건강보험 무배당 간편가입형(10년) 해약환급금 미지급형(납입기간중 0%, 납입기간후 50%) ",2257,007,"한화생명 시그니처 H통합건강보험 무배당 간편가입형(10년) 해약환급금 미지급형(납입기간중 0%, 납입기간후 50%)",1,M
2257,A08,"한화생명 시그니처 H통합건강보험 무배당 일반가입형 해약환급금 미지급형(납입기간중 0%, 납입기간후 50%) ",2257,008,"한화생명 시그니처 H통합건강보험 무배당 일반가입형 해약환급금 미지급형(납입기간중 0%, 납입기간후 50%)",1,M
2257,A09,"한화생명 시그니처 H통합건강보험 무배당 건강가입형(6년) 해약환급금 미지급형(납입기간중 0%, 납입기간후 50%) ",2257,009,"한화생명 시그니처 H통합건강보험 무배당 건강가입형(6년) 해약환급금 미지급형(납입기간중 0%, 납입기간후 50%)",1,M
2257,A10,"한화생명 시그니처 H통합건강보험 무배당 건강가입형(7년) 해약환급금 미지급형(납입기간중 0%, 납입기간후 50%) ",2257,010,"한화생명 시그니처 H통합건강보험 무배당 건강가입형(7년) 해약환급금 미지급형(납입기간중 0%, 납입기간후 50%)",1,M
2257,A11,"한화생명 시그니처 H통합건강보험 무배당 건강가입형(8년) 해약환급금 미지급형(납입기간중 0%, 납입기간후 50%) ",2257,011,"한화생명 시그니처 H통합건강보험 무배당 건강가입형(8년) 해약환급금 미지급형(납입기간중 0%, 납입기간후 50%)",1,M
2257,A12,"한화생명 시그니처 H통합건강보험 무배당 건강가입형(9년) 해약환급금 미지급형(납입기간중 0%, 납입기간후 50%) ",2257,012,"한화생명 시그니처 H통합건강보험 무배당 건강가입형(9년) 해약환급금 미지급형(납입기간중 0%, 납입기간후 50%)",1,M
2257,A13,"한화생명 시그니처 H통합건강보험 무배당 건강가입형(10년) 해약환급금 미지급형(납입기간중 0%, 납입기간후 50%) ",2257,013,"한화생명 시그니처 H통합건강보험 무배당 건강가입형(10년) 해약환급금 미지급형(납입기간중 0%, 납입기간후 50%)",1,M
2258,A01,"한화생명 시그니처 H통합건강보험 무배당(납입면제형) 간편가입형(0년) 해약환급금 미지급형(납입기간중 0%, 납입기간후 50%)",2258,001,"한화생명 시그니처 H통합건강보험 무배당(납입면제형) 간편가입형(0년) 해약환급금 미지급형(납입기간중 0%, 납입기간후 50%)",1,M
2258,A02,"한화생명 시그니처 H통합건강보험 무배당(납입면제형) 간편가입형(1년) 해약환급금 미지급형(납입기간중 0%, 납입기간후 50%)",2258,002,"한화생명 시그니처 H통합건강보험 무배당(납입면제형) 간편가입형(1년) 해약환급금 미지급형(납입기간중 0%, 납입기간후 50%)",1,M
2258,A03,"한화생명 시그니처 H통합건강보험 무배당(납입면제형) 간편가입형(2년) 해약환급금 미지급형(납입기간중 0%, 납입기간후 50%)",2258,003,"한화생명 시그니처 H통합건강보험 무배당(납입면제형) 간편가입형(2년) 해약환급금 미지급형(납입기간중 0%, 납입기간후 50%)",1,M
2258,A04,"한화생명 시그니처 H통합건강보험 무배당(납입면제형) 간편가입형(3년) 해약환급금 미지급형(납입기간중 0%, 납입기간후 50%)",2258,004,"한화생명 시그니처 H통합건강보험 무배당(납입면제형) 간편가입형(3년) 해약환급금 미지급형(납입기간중 0%, 납입기간후 50%)",1,M
2258,A05,"한화생명 시그니처 H통합건강보험 무배당(납입면제형) 간편가입형(4년) 해약환급금 미지급형(납입기간중 0%, 납입기간후 50%)",2258,005,"한화생명 시그니처 H통합건강보험 무배당(납입면제형) 간편가입형(4년) 해약환급금 미지급형(납입기간중 0%, 납입기간후 50%)",1,M
2258,A06,"한화생명 시그니처 H통합건강보험 무배당(납입면제형) 간편가입형(5년) 해약환급금 미지급형(납입기간중 0%, 납입기간후 50%)",2258,006,"한화생명 시그니처 H통합건강보험 무배당(납입면제형) 간편가입형(5년) 해약환급금 미지급형(납입기간중 0%, 납입기간후 50%)",1,M
2258,A07,"한화생명 시그니처 H통합건강보험 무배당(납입면제형) 간편가입형(10년) 해약환급금 미지급형(납입기간중 0%, 납입기간후 50%)",2258,007,"한화생명 시그니처 H통합건강보험 무배당(납입면제형) 간편가입형(10년) 해약환급금 미지급형(납입기간중 0%, 납입기간후 50%)",1,M
2258,A08,"한화생명 시그니처 H통합건강보험 무배당(납입면제형) 일반가입형 해약환급금 미지급형(납입기간중 0%, 납입기간후 50%)",2258,008,"한화생명 시그니처 H통합건강보험 무배당(납입면제형) 일반가입형 해약환급금 미지급형(납입기간중 0%, 납입기간후 50%)",1,M
2258,A09,"한화생명 시그니처 H통합건강보험 무배당(납입면제형) 건강가입형(6년) 해약환급금 미지급형(납입기간중 0%, 납입기간후 50%)",2258,009,"한화생명 시그니처 H통합건강보험 무배당(납입면제형) 건강가입형(6년) 해약환급금 미지급형(납입기간중 0%, 납입기간후 50%)",1,M
2258,A10,"한화생명 시그니처 H통합건강보험 무배당(납입면제형) 건강가입형(7년) 해약환급금 미지급형(납입기간중 0%, 납입기간후 50%)",2258,010,"한화생명 시그니처 H통합건강보험 무배당(납입면제형) 건강가입형(7년) 해약환급금 미지급형(납입기간중 0%, 납입기간후 50%)",1,M
2258,A11,"한화생명 시그니처 H통합건강보험 무배당(납입면제형) 건강가입형(8년) 해약환급금 미지급형(납입기간중 0%, 납입기간후 50%)",2258,011,"한화생명 시그니처 H통합건강보험 무배당(납입면제형) 건강가입형(8년) 해약환급금 미지급형(납입기간중 0%, 납입기간후 50%)",1,M
2258,A12,"한화생명 시그니처 H통합건강보험 무배당(납입면제형) 건강가입형(9년) 해약환급금 미지급형(납입기간중 0%, 납입기간후 50%)",2258,012,"한화생명 시그니처 H통합건강보험 무배당(납입면제형) 건강가입형(9년) 해약환급금 미지급형(납입기간중 0%, 납입기간후 50%)",1,M
2258,A13,"한화생명 시그니처 H통합건강보험 무배당(납입면제형) 건강가입형(10년) 해약환급금 미지급형(납입기간중 0%, 납입기간후 50%)",2258,013,"한화생명 시그니처 H통합건강보험 무배당(납입면제형) 건강가입형(10년) 해약환급금 미지급형(납입기간중 0%, 납입기간후 50%)",1,M
2259,801,한화생명 바로연금보험 무배당(종신연금형 일반형 개인형),2259,801,한화생명 바로연금보험 무배당(종신연금형 일반형 개인형),0,M
2259,802,한화생명 바로연금보험 무배당(종신연금형 초기집중형 개인형),2259,802,한화생명 바로연금보험 무배당(종신연금형 초기집중형 개인형),0,M
2259,803,한화생명 바로연금보험 무배당(종신연금형 일반형 신부부형),2259,803,한화생명 바로연금보험 무배당(종신연금형 일반형 신부부형),0,M
2259,804,한화생명 바로연금보험 무배당(상속연금형 종신플랜),2259,804,한화생명 바로연금보험 무배당(상속연금형 종신플랜),0,M
2259,805,한화생명 바로연금보험 무배당(상속연금형 환급플랜5년형),2259,805,한화생명 바로연금보험 무배당(상속연금형 환급플랜5년형),0,M
2259,806,한화생명 바로연금보험 무배당(상속연금형 환급플랜10년형),2259,806,한화생명 바로연금보험 무배당(상속연금형 환급플랜10년형),0,M
2259,807,한화생명 바로연금보험 무배당(상속연금형 환급플랜20년형),2259,807,한화생명 바로연금보험 무배당(상속연금형 환급플랜20년형),0,M
2259,808,한화생명 바로연금보험 무배당(확정기간연금형 5년형),2259,808,한화생명 바로연금보험 무배당(확정기간연금형 5년형),0,M
2259,809,한화생명 바로연금보험 무배당(확정기간연금형 10년형),2259,809,한화생명 바로연금보험 무배당(확정기간연금형 10년형),0,M
2259,810,한화생명 바로연금보험 무배당(확정기간연금형 15년형),2259,810,한화생명 바로연금보험 무배당(확정기간연금형 15년형),0,M
2259,811,한화생명 바로연금보험 무배당(확정기간연금형 20년형),2259,811,한화생명 바로연금보험 무배당(확정기간연금형 20년형),0,M
