ISRN_KIND_DTCD,ISRN_KIND_ITCD,ISRN_KIND_SALE_NM,PROD_DTCD,PROD_ITCD,PROD_SALE_NM,MIN(A.SALE_STAR_DATE),MAX(A.SALE_END_DATE)
1224,069,한화생명 기업복지라이프플랜보험(최초) 무배당,1224,71,한화생명 기업복지라이프플랜보험(최초) 무배당,2024.4.1 0:00,9999.12.31 0:00
1224,070,한화생명 기업복지라이프플랜보험(재가입) 무배당,1224,72,한화생명 기업복지라이프플랜보험(재가입) 무배당,2024.4.1 0:00,9999.12.31 0:00
1228,133,한화생명 연금저축 하이드림연금보험(1종 신계약체결용)종신연금형,1228,133,한화생명 연금저축 하이드림연금보험(1종 신계약체결용)종신연금형,2022.4.29 0:00,9999.12.31 0:00
1228,137,한화생명 연금저축 스마트하이드림연금보험 종신연금형,1228,137,한화생명 연금저축 스마트하이드림연금보험 종신연금형,2026.1.1 0:00,9999.12.31 0:00
1230,040,한화생명 장애인전용 곰두리보장보험 무배당,1230,40,한화생명 장애인전용 곰두리보장보험 무배당,2024.4.20 0:00,9999.12.31 0:00
1571,601,한화생명 연금보험Enterprise(적립형 종신연금플러스형 개인형)(개별) 무배당,1571,601,한화생명 연금보험Enterprise(적립형 종신연금플러스형 개인형)(개별) 무배당,2022.4.16 0:00,9999.12.31 0:00
1571,602,한화생명 연금보험Enterprise(적립형 종신연금플러스형 신부부형)(개별) 무배당,1571,602,한화생명 연금보험Enterprise(적립형 종신연금플러스형 신부부형)(개별) 무배당,2022.4.16 0:00,9999.12.31 0:00
1571,603,한화생명 연금보험Enterprise(적립형 확정기간연금플러스형 5년형)(개별) 무배당,1571,603,한화생명 연금보험Enterprise(적립형 확정기간연금플러스형 5년형)(개별) 무배당,2022.4.16 0:00,9999.12.31 0:00
1571,604,한화생명 연금보험Enterprise(적립형 확정기간연금플러스형 10년형)(개별) 무배당,1571,604,한화생명 연금보험Enterprise(적립형 확정기간연금플러스형 10년형)(개별) 무배당,2022.4.16 0:00,9999.12.31 0:00
1571,605,한화생명 연금보험Enterprise(적립형 확정기간연금플러스형 15년형)(개별) 무배당,1571,605,한화생명 연금보험Enterprise(적립형 확정기간연금플러스형 15년형)(개별) 무배당,2022.4.16 0:00,9999.12.31 0:00
1571,606,한화생명 연금보험Enterprise(적립형 확정기간연금플러스형 20년형)(개별) 무배당,1571,606,한화생명 연금보험Enterprise(적립형 확정기간연금플러스형 20년형)(개별) 무배당,2022.4.16 0:00,9999.12.31 0:00
1571,607,한화생명 연금보험Enterprise(적립형 상속연금플러스형)(개별) 무배당,1571,607,한화생명 연금보험Enterprise(적립형 상속연금플러스형)(개별) 무배당,2022.4.16 0:00,9999.12.31 0:00
1571,608,한화생명 연금보험Enterprise(거치형 종신연금플러스형 개인형)(개별) 무배당,1571,608,한화생명 연금보험Enterprise(거치형 종신연금플러스형 개인형)(개별) 무배당,2022.4.16 0:00,9999.12.31 0:00
1571,609,한화생명 연금보험Enterprise(거치형 종신연금플러스형 신부부형)(개별) 무배당,1571,609,한화생명 연금보험Enterprise(거치형 종신연금플러스형 신부부형)(개별) 무배당,2022.4.16 0:00,9999.12.31 0:00
1571,610,한화생명 연금보험Enterprise(거치형 확정기간연금플러스형 5년형)(개별) 무배당,1571,610,한화생명 연금보험Enterprise(거치형 확정기간연금플러스형 5년형)(개별) 무배당,2022.4.16 0:00,9999.12.31 0:00
1571,611,한화생명 연금보험Enterprise(거치형 확정기간연금플러스형 10년형)(개별) 무배당,1571,611,한화생명 연금보험Enterprise(거치형 확정기간연금플러스형 10년형)(개별) 무배당,2022.4.16 0:00,9999.12.31 0:00
1571,612,한화생명 연금보험Enterprise(거치형 확정기간연금플러스형 15년형)(개별) 무배당,1571,612,한화생명 연금보험Enterprise(거치형 확정기간연금플러스형 15년형)(개별) 무배당,2022.4.16 0:00,9999.12.31 0:00
1571,613,한화생명 연금보험Enterprise(거치형 확정기간연금플러스형 20년형)(개별) 무배당,1571,613,한화생명 연금보험Enterprise(거치형 확정기간연금플러스형 20년형)(개별) 무배당,2022.4.16 0:00,9999.12.31 0:00
1571,614,한화생명 연금보험Enterprise(거치형 상속연금플러스형)(개별) 무배당,1571,614,한화생명 연금보험Enterprise(거치형 상속연금플러스형)(개별) 무배당,2022.4.16 0:00,9999.12.31 0:00
1571,615,한화생명 연금보험Enterprise(적립형 종신연금플러스형 개인형)(일괄) 무배당,1571,615,한화생명 연금보험Enterprise(적립형 종신연금플러스형 개인형)(일괄) 무배당,2022.4.16 0:00,9999.12.31 0:00
1571,616,한화생명 연금보험Enterprise(적립형 종신연금플러스형 신부부형)(일괄) 무배당,1571,616,한화생명 연금보험Enterprise(적립형 종신연금플러스형 신부부형)(일괄) 무배당,2022.4.16 0:00,9999.12.31 0:00
1571,617,한화생명 연금보험Enterprise(적립형 확정기간연금플러스형 5년형)(일괄) 무배당,1571,617,한화생명 연금보험Enterprise(적립형 확정기간연금플러스형 5년형)(일괄) 무배당,2022.4.16 0:00,9999.12.31 0:00
1571,618,한화생명 연금보험Enterprise(적립형 확정기간연금플러스형 10년형)(일괄) 무배당,1571,618,한화생명 연금보험Enterprise(적립형 확정기간연금플러스형 10년형)(일괄) 무배당,2022.4.16 0:00,9999.12.31 0:00
1571,619,한화생명 연금보험Enterprise(적립형 확정기간연금플러스형 15년형)(일괄) 무배당,1571,619,한화생명 연금보험Enterprise(적립형 확정기간연금플러스형 15년형)(일괄) 무배당,2022.4.16 0:00,9999.12.31 0:00
1571,620,한화생명 연금보험Enterprise(적립형 확정기간연금플러스형 20년형)(일괄) 무배당,1571,620,한화생명 연금보험Enterprise(적립형 확정기간연금플러스형 20년형)(일괄) 무배당,2022.4.16 0:00,9999.12.31 0:00
1571,621,한화생명 연금보험Enterprise(적립형 상속연금플러스형)(일괄) 무배당,1571,621,한화생명 연금보험Enterprise(적립형 상속연금플러스형)(일괄) 무배당,2022.4.16 0:00,9999.12.31 0:00
1571,622,한화생명 연금보험Enterprise(거치형 종신연금플러스형 개인형)(일괄) 무배당,1571,622,한화생명 연금보험Enterprise(거치형 종신연금플러스형 개인형)(일괄) 무배당,2022.4.16 0:00,9999.12.31 0:00
1571,623,한화생명 연금보험Enterprise(거치형 종신연금플러스형 신부부형)(일괄) 무배당,1571,623,한화생명 연금보험Enterprise(거치형 종신연금플러스형 신부부형)(일괄) 무배당,2022.4.16 0:00,9999.12.31 0:00
1571,624,한화생명 연금보험Enterprise(거치형 확정기간연금플러스형 5년형)(일괄) 무배당,1571,624,한화생명 연금보험Enterprise(거치형 확정기간연금플러스형 5년형)(일괄) 무배당,2022.4.16 0:00,9999.12.31 0:00
1571,625,한화생명 연금보험Enterprise(거치형 확정기간연금플러스형 10년형)(일괄) 무배당,1571,625,한화생명 연금보험Enterprise(거치형 확정기간연금플러스형 10년형)(일괄) 무배당,2022.4.16 0:00,9999.12.31 0:00
1571,626,한화생명 연금보험Enterprise(거치형 확정기간연금플러스형 15년형)(일괄) 무배당,1571,626,한화생명 연금보험Enterprise(거치형 확정기간연금플러스형 15년형)(일괄) 무배당,2022.4.16 0:00,9999.12.31 0:00
1571,627,한화생명 연금보험Enterprise(거치형 확정기간연금플러스형 20년형)(일괄) 무배당,1571,627,한화생명 연금보험Enterprise(거치형 확정기간연금플러스형 20년형)(일괄) 무배당,2022.4.16 0:00,9999.12.31 0:00
1571,628,한화생명 연금보험Enterprise(거치형 상속연금플러스형)(일괄) 무배당,1571,628,한화생명 연금보험Enterprise(거치형 상속연금플러스형)(일괄) 무배당,2022.4.16 0:00,9999.12.31 0:00
1629,088,한화생명 연금저축 미래로기업복지연금보험(1종 신계약체결용)종신연금형,1629,88,한화생명 연금저축 미래로기업복지연금보험(1종 신계약체결용)종신연금형,2022.4.16 0:00,9999.12.31 0:00
1629,089,한화생명 연금저축 미래로기업복지연금보험(1종 신계약체결용)확정기간연금형(5년),1629,89,한화생명 연금저축 미래로기업복지연금보험(1종 신계약체결용)확정기간연금형(5년),2022.4.16 0:00,9999.12.31 0:00
1629,090,한화생명 연금저축 미래로기업복지연금보험(1종 신계약체결용)확정기간연금형(10년),1629,90,한화생명 연금저축 미래로기업복지연금보험(1종 신계약체결용)확정기간연금형(10년),2022.4.16 0:00,9999.12.31 0:00
1629,091,한화생명 연금저축 미래로기업복지연금보험(1종 신계약체결용)확정기간연금형(15년),1629,91,한화생명 연금저축 미래로기업복지연금보험(1종 신계약체결용)확정기간연금형(15년),2022.4.16 0:00,9999.12.31 0:00
1629,092,한화생명 연금저축 미래로기업복지연금보험(1종 신계약체결용)확정기간연금형(20년),1629,92,한화생명 연금저축 미래로기업복지연금보험(1종 신계약체결용)확정기간연금형(20년),2022.4.16 0:00,9999.12.31 0:00
1629,093,한화생명 연금저축 미래로기업복지연금보험(1종 신계약체결용)확정기간연금형(25년),1629,93,한화생명 연금저축 미래로기업복지연금보험(1종 신계약체결용)확정기간연금형(25년),2022.4.16 0:00,9999.12.31 0:00
1629,094,한화생명 연금저축 미래로기업복지연금보험(1종 신계약체결용)확정기간연금형(30년),1629,94,한화생명 연금저축 미래로기업복지연금보험(1종 신계약체결용)확정기간연금형(30년),2022.4.16 0:00,9999.12.31 0:00
1726,039,"한화생명 e정기보험 무배당 순수보장형 해약환급금 미지급형(납입기간중 0%, 납입기간후 50%) 표준체",1726,39,"한화생명 e정기보험 무배당 순수보장형 해약환급금 미지급형(납입기간중 0%, 납입기간후 50%) 표준체",2021.7.1 0:00,9999.12.31 0:00
1726,040,"한화생명 e정기보험 무배당 순수보장형 해약환급금 미지급형(납입기간중 0%, 납입기간후 50%) 건강체",1726,40,"한화생명 e정기보험 무배당 순수보장형 해약환급금 미지급형(납입기간중 0%, 납입기간후 50%) 건강체",2021.7.1 0:00,9999.12.31 0:00
1726,041,한화생명 e정기보험 무배당 만기환급형 표준형 표준체,1726,41,한화생명 e정기보험 무배당 만기환급형 표준형 표준체,2021.7.1 0:00,9999.12.31 0:00
1726,042,한화생명 e정기보험 무배당 만기환급형 표준형 건강체,1726,42,한화생명 e정기보험 무배당 만기환급형 표준형 건강체,2021.7.1 0:00,9999.12.31 0:00
1745,275,한화생명 연금저축 하이드림연금보험(2종 계좌이체용)적립형 종신연금형,1745,275,한화생명 연금저축 하이드림연금보험(2종 계좌이체용)적립형 종신연금형,2022.4.29 0:00,9999.12.31 0:00
1745,275,한화생명 연금저축 하이드림연금보험(2종 계좌이체용)적립형 종신연금형,1745,279,한화생명 연금저축 하이드림연금보험(2종 계좌이체용)거치형 종신연금형,2022.4.29 0:00,9999.12.31 0:00
1745,276,한화생명 연금저축 하이드림연금보험(2종 계좌이체용)적립형 확정기간연금형(10년),1745,276,한화생명 연금저축 하이드림연금보험(2종 계좌이체용)적립형 확정기간연금형(10년),2022.4.29 0:00,9999.12.31 0:00
1745,276,한화생명 연금저축 하이드림연금보험(2종 계좌이체용)적립형 확정기간연금형(10년),1745,280,한화생명 연금저축 하이드림연금보험(2종 계좌이체용)거치형 확정기간연금형(10년),2022.4.29 0:00,9999.12.31 0:00
1745,277,한화생명 연금저축 하이드림연금보험(2종 계좌이체용)적립형 확정기간연금형(15년),1745,277,한화생명 연금저축 하이드림연금보험(2종 계좌이체용)적립형 확정기간연금형(15년),2022.4.29 0:00,9999.12.31 0:00
1745,277,한화생명 연금저축 하이드림연금보험(2종 계좌이체용)적립형 확정기간연금형(15년),1745,281,한화생명 연금저축 하이드림연금보험(2종 계좌이체용)거치형 확정기간연금형(15년),2022.4.29 0:00,9999.12.31 0:00
1745,278,한화생명 연금저축 하이드림연금보험(2종 계좌이체용)적립형 확정기간연금형(20년),1745,278,한화생명 연금저축 하이드림연금보험(2종 계좌이체용)적립형 확정기간연금형(20년),2022.4.29 0:00,9999.12.31 0:00
1745,278,한화생명 연금저축 하이드림연금보험(2종 계좌이체용)적립형 확정기간연금형(20년),1745,282,한화생명 연금저축 하이드림연금보험(2종 계좌이체용)거치형 확정기간연금형(20년),2022.4.29 0:00,9999.12.31 0:00
1745,283,한화생명 연금저축 하이드림연금보험(2종 계좌이체용)거치형 종신연금형,1745,283,한화생명 연금저축 하이드림연금보험(2종 계좌이체용)거치형 종신연금형,2022.4.29 0:00,9999.12.31 0:00
1745,284,한화생명 연금저축 하이드림연금보험(2종 계좌이체용)거치형 확정기간연금형(10년),1745,284,한화생명 연금저축 하이드림연금보험(2종 계좌이체용)거치형 확정기간연금형(10년),2022.4.29 0:00,9999.12.31 0:00
1745,285,한화생명 연금저축 하이드림연금보험(2종 계좌이체용)거치형 확정기간연금형(15년),1745,285,한화생명 연금저축 하이드림연금보험(2종 계좌이체용)거치형 확정기간연금형(15년),2022.4.29 0:00,9999.12.31 0:00
1745,286,한화생명 연금저축 하이드림연금보험(2종 계좌이체용)거치형 확정기간연금형(20년),1745,286,한화생명 연금저축 하이드림연금보험(2종 계좌이체용)거치형 확정기간연금형(20년),2022.4.29 0:00,9999.12.31 0:00
1745,287,한화생명 연금저축 하이드림연금보험(2종 계좌이체용)즉시형 종신연금형,1745,287,한화생명 연금저축 하이드림연금보험(2종 계좌이체용)즉시형 종신연금형,2022.4.29 0:00,9999.12.31 0:00
1745,288,한화생명 연금저축 하이드림연금보험(2종 계좌이체용)즉시형 확정기간연금형(1년),1745,288,한화생명 연금저축 하이드림연금보험(2종 계좌이체용)즉시형 확정기간연금형(1년),2022.4.29 0:00,9999.12.31 0:00
1745,289,한화생명 연금저축 하이드림연금보험(2종 계좌이체용)즉시형 확정기간연금형(2년),1745,289,한화생명 연금저축 하이드림연금보험(2종 계좌이체용)즉시형 확정기간연금형(2년),2022.4.29 0:00,9999.12.31 0:00
1745,290,한화생명 연금저축 하이드림연금보험(2종 계좌이체용)즉시형 확정기간연금형(3년),1745,290,한화생명 연금저축 하이드림연금보험(2종 계좌이체용)즉시형 확정기간연금형(3년),2022.4.29 0:00,9999.12.31 0:00
1745,291,한화생명 연금저축 하이드림연금보험(2종 계좌이체용)즉시형 확정기간연금형(4년),1745,291,한화생명 연금저축 하이드림연금보험(2종 계좌이체용)즉시형 확정기간연금형(4년),2022.4.29 0:00,9999.12.31 0:00
1745,292,한화생명 연금저축 하이드림연금보험(2종 계좌이체용)즉시형 확정기간연금형(5년),1745,292,한화생명 연금저축 하이드림연금보험(2종 계좌이체용)즉시형 확정기간연금형(5년),2022.4.29 0:00,9999.12.31 0:00
1745,293,한화생명 연금저축 하이드림연금보험(2종 계좌이체용)즉시형 확정기간연금형(6년),1745,293,한화생명 연금저축 하이드림연금보험(2종 계좌이체용)즉시형 확정기간연금형(6년),2022.4.29 0:00,9999.12.31 0:00
1745,294,한화생명 연금저축 하이드림연금보험(2종 계좌이체용)즉시형 확정기간연금형(7년),1745,294,한화생명 연금저축 하이드림연금보험(2종 계좌이체용)즉시형 확정기간연금형(7년),2022.4.29 0:00,9999.12.31 0:00
1745,295,한화생명 연금저축 하이드림연금보험(2종 계좌이체용)즉시형 확정기간연금형(8년),1745,295,한화생명 연금저축 하이드림연금보험(2종 계좌이체용)즉시형 확정기간연금형(8년),2022.4.29 0:00,9999.12.31 0:00
1745,296,한화생명 연금저축 하이드림연금보험(2종 계좌이체용)즉시형 확정기간연금형(9년),1745,296,한화생명 연금저축 하이드림연금보험(2종 계좌이체용)즉시형 확정기간연금형(9년),2022.4.29 0:00,9999.12.31 0:00
1745,297,한화생명 연금저축 하이드림연금보험(2종 계좌이체용)즉시형 확정기간연금형(10년),1745,297,한화생명 연금저축 하이드림연금보험(2종 계좌이체용)즉시형 확정기간연금형(10년),2022.4.29 0:00,9999.12.31 0:00
1745,298,한화생명 연금저축 하이드림연금보험(2종 계좌이체용)즉시형 확정기간연금형(15년),1745,298,한화생명 연금저축 하이드림연금보험(2종 계좌이체용)즉시형 확정기간연금형(15년),2022.4.29 0:00,9999.12.31 0:00
1745,299,한화생명 연금저축 하이드림연금보험(2종 계좌이체용)즉시형 확정기간연금형(20년),1745,299,한화생명 연금저축 하이드림연금보험(2종 계좌이체용)즉시형 확정기간연금형(20년),2022.4.29 0:00,9999.12.31 0:00
1758,232,한화생명 스마트V연금보험 무배당 적립형 1종(기본형)(종신연금형) 가산할인형,1758,232,한화생명 스마트V연금보험 무배당 적립형 1종(기본형)(종신연금형) 가산할인형,2026.1.1 0:00,9999.12.31 0:00
1758,233,"한화생명 스마트V연금보험 무배당 적립형 2종(가족사랑형)(가족종신연금,가족사랑연금) 가산할인형",1758,233,"한화생명 스마트V연금보험 무배당 적립형 2종(가족사랑형)(가족종신연금,가족사랑연금) 가산할인형",2026.1.1 0:00,9999.12.31 0:00
1758,234,한화생명 스마트V연금보험 무배당 적립형 3종(연금강화형)(종신연금형) 가산할인형,1758,234,한화생명 스마트V연금보험 무배당 적립형 3종(연금강화형)(종신연금형) 가산할인형,2026.1.1 0:00,9999.12.31 0:00
1758,235,한화생명 스마트V연금보험 무배당 거치형 1종(기본형)(종신연금형) 가산할인형,1758,235,한화생명 스마트V연금보험 무배당 거치형 1종(기본형)(종신연금형) 가산할인형,2026.1.1 0:00,9999.12.31 0:00
1758,236,"한화생명 스마트V연금보험 무배당 거치형 2종(가족사랑형)(가족종신연금,가족사랑연금) 가산할인형",1758,236,"한화생명 스마트V연금보험 무배당 거치형 2종(가족사랑형)(가족종신연금,가족사랑연금) 가산할인형",2026.1.1 0:00,9999.12.31 0:00
1764,30,한화생명 H 기업재해보장보험 무배당 1종(순수형),1764,30,한화생명 H 기업재해보장보험 무배당 1종(순수형),2025.4.29 0:00,9999.12.31 0:00
1764,31,한화생명 H 기업재해보장보험 무배당 2종(50%환급형),1764,31,한화생명 H 기업재해보장보험 무배당 2종(50%환급형),2025.4.29 0:00,9999.12.31 0:00
1764,32,한화생명 H 기업재해보장보험 무배당 3종(70%환급형),1764,32,한화생명 H 기업재해보장보험 무배당 3종(70%환급형),2025.4.29 0:00,9999.12.31 0:00
1764,33,한화생명 H 기업재해보장보험 무배당 4종(100%환급형),1764,33,한화생명 H 기업재해보장보험 무배당 4종(100%환급형),2025.4.29 0:00,9999.12.31 0:00
1772,29,한화생명 e연금저축보험 종신연금형 무배당,1772,29,한화생명 e연금저축보험 종신연금형 무배당,2021.1.1 0:00,9999.12.31 0:00
1772,30,한화생명 e연금저축보험 확정기간연금형(10년) 무배당,1772,30,한화생명 e연금저축보험 확정기간연금형(10년) 무배당,2021.1.1 0:00,9999.12.31 0:00
1772,31,한화생명 e연금저축보험 확정기간연금형(15년) 무배당,1772,31,한화생명 e연금저축보험 확정기간연금형(15년) 무배당,2021.1.1 0:00,9999.12.31 0:00
1772,32,한화생명 e연금저축보험 확정기간연금형(20년) 무배당,1772,32,한화생명 e연금저축보험 확정기간연금형(20년) 무배당,2021.1.1 0:00,9999.12.31 0:00
1796,10,한화생명 Wealth단체저축보험 무배당,1796,10,한화생명 Wealth단체저축보험 무배당,2021.7.1 0:00,9999.12.31 0:00
1808,15,한화생명 노후실손의료비보장보험(갱신형) 상해형 무배당,1808,15,한화생명 노후실손의료비보장보험(갱신형) 상해형 무배당,2022.1.1 0:00,9999.12.31 0:00
1808,16,한화생명 노후실손의료비보장보험(갱신형) 질병형 무배당,1808,16,한화생명 노후실손의료비보장보험(갱신형) 질병형 무배당,2022.1.1 0:00,9999.12.31 0:00
1809,73,한화생명 연금저축 미래로기업복지연금보험(2종 계좌이체용)적립형 종신연금형,1809,73,한화생명 연금저축 미래로기업복지연금보험(2종 계좌이체용)적립형 종신연금형,2022.4.16 0:00,9999.12.31 0:00
1809,73,한화생명 연금저축 미래로기업복지연금보험(2종 계좌이체용)적립형 종신연금형,1809,77,한화생명 연금저축 미래로기업복지연금보험(2종 계좌이체용)거치형 종신연금형,2022.4.16 0:00,9999.12.31 0:00
1809,74,한화생명 연금저축 미래로기업복지연금보험(2종 계좌이체용)적립형 확정기간연금형(10년),1809,74,한화생명 연금저축 미래로기업복지연금보험(2종 계좌이체용)적립형 확정기간연금형(10년),2022.4.16 0:00,9999.12.31 0:00
1809,74,한화생명 연금저축 미래로기업복지연금보험(2종 계좌이체용)적립형 확정기간연금형(10년),1809,78,한화생명 연금저축 미래로기업복지연금보험(2종 계좌이체용)거치형 확정기간연금형(10년),2022.4.16 0:00,9999.12.31 0:00
1809,75,한화생명 연금저축 미래로기업복지연금보험(2종 계좌이체용)적립형 확정기간연금형(15년),1809,75,한화생명 연금저축 미래로기업복지연금보험(2종 계좌이체용)적립형 확정기간연금형(15년),2022.4.16 0:00,9999.12.31 0:00
1809,75,한화생명 연금저축 미래로기업복지연금보험(2종 계좌이체용)적립형 확정기간연금형(15년),1809,79,한화생명 연금저축 미래로기업복지연금보험(2종 계좌이체용)거치형 확정기간연금형(15년),2022.4.16 0:00,9999.12.31 0:00
1809,76,한화생명 연금저축 미래로기업복지연금보험(2종 계좌이체용)적립형 확정기간연금형(20년),1809,76,한화생명 연금저축 미래로기업복지연금보험(2종 계좌이체용)적립형 확정기간연금형(20년),2022.4.16 0:00,9999.12.31 0:00
1809,76,한화생명 연금저축 미래로기업복지연금보험(2종 계좌이체용)적립형 확정기간연금형(20년),1809,80,한화생명 연금저축 미래로기업복지연금보험(2종 계좌이체용)거치형 확정기간연금형(20년),2022.4.16 0:00,9999.12.31 0:00
1809,81,한화생명 연금저축 미래로기업복지연금보험(2종 계좌이체용)거치형 종신연금형,1809,81,한화생명 연금저축 미래로기업복지연금보험(2종 계좌이체용)거치형 종신연금형,2022.4.16 0:00,9999.12.31 0:00
1809,82,한화생명 연금저축 미래로기업복지연금보험(2종 계좌이체용)거치형 확정기간연금형(10년),1809,82,한화생명 연금저축 미래로기업복지연금보험(2종 계좌이체용)거치형 확정기간연금형(10년),2022.4.16 0:00,9999.12.31 0:00
1809,83,한화생명 연금저축 미래로기업복지연금보험(2종 계좌이체용)거치형 확정기간연금형(15년),1809,83,한화생명 연금저축 미래로기업복지연금보험(2종 계좌이체용)거치형 확정기간연금형(15년),2022.4.16 0:00,9999.12.31 0:00
1809,84,한화생명 연금저축 미래로기업복지연금보험(2종 계좌이체용)거치형 확정기간연금형(20년),1809,84,한화생명 연금저축 미래로기업복지연금보험(2종 계좌이체용)거치형 확정기간연금형(20년),2022.4.16 0:00,9999.12.31 0:00
1833,25,한화생명 Wealth직장인연금보험 무배당 (종신연금형 개인형),1833,25,한화생명 Wealth직장인연금보험 무배당 (종신연금형 개인형),2026.1.30 0:00,9999.12.31 0:00
1833,26,한화생명 Wealth직장인연금보험 무배당 (종신연금형 신부부형),1833,26,한화생명 Wealth직장인연금보험 무배당 (종신연금형 신부부형),2026.1.30 0:00,9999.12.31 0:00
1946,15,한화생명 노후실손의료비보장보험(갱신형) 상해형 무배당(재가입),1946,15,한화생명 노후실손의료비보장보험(갱신형) 상해형 무배당(재가입),2022.1.1 0:00,9999.12.31 0:00
1946,16,한화생명 노후실손의료비보장보험(갱신형) 질병형 무배당(재가입),1946,16,한화생명 노후실손의료비보장보험(갱신형) 질병형 무배당(재가입),2022.1.1 0:00,9999.12.31 0:00
1950,13,한화생명 튼튼이 치아보험(갱신형) 무배당 5년만기(80세),1950,13,한화생명 튼튼이 치아보험(갱신형) 무배당 5년만기(80세),2024.6.6 0:00,9999.12.31 0:00
1950,14,한화생명 튼튼이 치아보험(갱신형) 무배당 10년만기(80세),1950,14,한화생명 튼튼이 치아보험(갱신형) 무배당 10년만기(80세),2024.6.6 0:00,9999.12.31 0:00
1976,1,한화생명 간편가입 실손의료비보장보험(갱신형)(상해입원형) 무배당(재가입),1976,1,한화생명 간편가입 실손의료비보장보험(갱신형)(상해입원형) 무배당(재가입),2021.7.28 0:00,9999.12.31 0:00
1976,2,한화생명 간편가입 실손의료비보장보험(갱신형)(상해통원형) 무배당(재가입),1976,2,한화생명 간편가입 실손의료비보장보험(갱신형)(상해통원형) 무배당(재가입),2021.7.28 0:00,9999.12.31 0:00
1976,3,한화생명 간편가입 실손의료비보장보험(갱신형)(질병입원형) 무배당(재가입),1976,3,한화생명 간편가입 실손의료비보장보험(갱신형)(질병입원형) 무배당(재가입),2021.7.28 0:00,9999.12.31 0:00
1976,4,한화생명 간편가입 실손의료비보장보험(갱신형)(질병통원형) 무배당(재가입),1976,4,한화생명 간편가입 실손의료비보장보험(갱신형)(질병통원형) 무배당(재가입),2021.7.28 0:00,9999.12.31 0:00
1982,1,한화생명 기본형 급여 실손의료비보장보험(갱신형) 무배당(상해급여형),1982,1,한화생명 기본형 급여 실손의료비보장보험(갱신형) 무배당(상해급여형),2021.7.1 0:00,9999.12.31 0:00
1982,2,한화생명 기본형 급여 실손의료비보장보험(갱신형) 무배당(질병급여형),1982,2,한화생명 기본형 급여 실손의료비보장보험(갱신형) 무배당(질병급여형),2021.7.1 0:00,9999.12.31 0:00
1982,3,한화생명 기본형 급여 실손의료비보장보험(갱신형) 무배당(상해급여형)(태아가입용),1982,3,한화생명 기본형 급여 실손의료비보장보험(갱신형) 무배당(상해급여형)(태아가입용),2021.7.1 0:00,9999.12.31 0:00
1982,4,한화생명 기본형 급여 실손의료비보장보험(갱신형) 무배당(질병급여형)(태아가입용),1982,4,한화생명 기본형 급여 실손의료비보장보험(갱신형) 무배당(질병급여형)(태아가입용),2021.7.1 0:00,9999.12.31 0:00
1983,1,한화생명 기본형 급여 e실손의료비보장보험(갱신형) 무배당(상해급여형),1983,1,한화생명 기본형 급여 e실손의료비보장보험(갱신형) 무배당(상해급여형),2021.7.30 0:00,9999.12.31 0:00
1983,2,한화생명 기본형 급여 e실손의료비보장보험(갱신형) 무배당(질병급여형),1983,2,한화생명 기본형 급여 e실손의료비보장보험(갱신형) 무배당(질병급여형),2021.7.30 0:00,9999.12.31 0:00
1984,1,한화생명 기본형 급여 실손의료비보장보험[개인중지재개용](갱신형) 무배당(상해급여형)(종신갱신형),1984,1,한화생명 기본형 급여 실손의료비보장보험[개인중지재개용](갱신형) 무배당(상해급여형)(종신갱신형),2021.7.1 0:00,9999.12.31 0:00
1984,2,한화생명 기본형 급여 실손의료비보장보험[개인중지재개용](갱신형) 무배당(질병급여형)(종신갱신형),1984,2,한화생명 기본형 급여 실손의료비보장보험[개인중지재개용](갱신형) 무배당(질병급여형)(종신갱신형),2021.7.1 0:00,9999.12.31 0:00
1984,3,한화생명 기본형 급여 실손의료비보장보험[개인중지재개용](갱신형) 무배당(상해급여형)(100세형),1984,3,한화생명 기본형 급여 실손의료비보장보험[개인중지재개용](갱신형) 무배당(상해급여형)(100세형),2021.7.1 0:00,9999.12.31 0:00
1984,4,한화생명 기본형 급여 실손의료비보장보험[개인중지재개용](갱신형) 무배당(질병급여형)(100세형),1984,4,한화생명 기본형 급여 실손의료비보장보험[개인중지재개용](갱신형) 무배당(질병급여형)(100세형),2021.7.1 0:00,9999.12.31 0:00
1984,5,한화생명 기본형 급여 실손의료비보장보험[개인중지재개용](갱신형) 무배당(상해급여형)(80세형),1984,5,한화생명 기본형 급여 실손의료비보장보험[개인중지재개용](갱신형) 무배당(상해급여형)(80세형),2021.7.1 0:00,9999.12.31 0:00
1984,6,한화생명 기본형 급여 실손의료비보장보험[개인중지재개용](갱신형) 무배당(질병급여형)(80세형),1984,6,한화생명 기본형 급여 실손의료비보장보험[개인중지재개용](갱신형) 무배당(질병급여형)(80세형),2021.7.1 0:00,9999.12.31 0:00
1984,7,한화생명 기본형 급여 실손의료비보장보험[개인중지재개용](갱신형) 무배당(상해급여형)(30세형),1984,7,한화생명 기본형 급여 실손의료비보장보험[개인중지재개용](갱신형) 무배당(상해급여형)(30세형),2021.7.1 0:00,9999.12.31 0:00
1984,8,한화생명 기본형 급여 실손의료비보장보험[개인중지재개용](갱신형) 무배당(질병급여형)(30세형),1984,8,한화생명 기본형 급여 실손의료비보장보험[개인중지재개용](갱신형) 무배당(질병급여형)(30세형),2021.7.1 0:00,9999.12.31 0:00
1985,1,한화생명 기본형 급여 실손의료비보장보험[계약전환용](갱신형) 무배당(상해급여형)(100세형),1985,1,한화생명 기본형 급여 실손의료비보장보험[계약전환용](갱신형) 무배당(상해급여형)(100세형),2021.8.1 0:00,9999.12.31 0:00
1985,2,한화생명 기본형 급여 실손의료비보장보험[계약전환용](갱신형) 무배당(질병급여형)(100세형),1985,2,한화생명 기본형 급여 실손의료비보장보험[계약전환용](갱신형) 무배당(질병급여형)(100세형),2021.8.1 0:00,9999.12.31 0:00
1985,3,한화생명 기본형 급여 실손의료비보장보험[계약전환용](갱신형) 무배당(상해급여형)(30세형),1985,3,한화생명 기본형 급여 실손의료비보장보험[계약전환용](갱신형)무배당(상해급여형)(30세형),2021.8.1 0:00,9999.12.31 0:00
1985,4,한화생명 기본형 급여 실손의료비보장보험[계약전환용](갱신형) 무배당(질병급여형)(30세형),1985,4,한화생명 기본형 급여 실손의료비보장보험[계약전환용](갱신형) 무배당(질병급여형)(30세형),2021.8.1 0:00,9999.12.31 0:00
1986,1,한화생명 기본형 급여 실손의료비보장보험[단체개인전환용](갱신형) 무배당(상해급여형)(100세형),1986,1,한화생명 기본형 급여 실손의료비보장보험[단체개인전환용](갱신형) 무배당(상해급여형)(100세형),2021.7.1 0:00,9999.12.31 0:00
1986,2,한화생명 기본형 급여 실손의료비보장보험[단체개인전환용](갱신형) 무배당(질병급여형)(100세형),1986,2,한화생명 기본형 급여 실손의료비보장보험[단체개인전환용](갱신형) 무배당(질병급여형)(100세형),2021.7.1 0:00,9999.12.31 0:00
2042,53,한화생명 스마트하이브리드연금보험 무배당 거치형 1종(연금강화형)(종신연금형) 가산할인형,2042,53,한화생명 스마트하이브리드연금보험 무배당 거치형 1종(연금강화형) 종신연금형 가산할인형,2026.2.1 0:00,9999.12.31 0:00
2042,54,한화생명 스마트하이브리드연금보험 무배당 거치형 2종(기본형)(종신연금형) 가산할인형,2042,54,한화생명 스마트하이브리드연금보험 무배당 거치형 2종(기본형)(종신연금형) 가산할인형,2026.2.1 0:00,9999.12.31 0:00
2042,55,"한화생명 스마트하이브리드연금보험 무배당 거치형 3종(가족사랑형)(가족종신연금,가족사랑연금) 가산할인형",2042,55,"한화생명 스마트하이브리드연금보험 무배당 거치형 3종(가족사랑형)(가족종신연금,가족사랑연금) 가산할인형",2026.2.1 0:00,9999.12.31 0:00
2042,56,한화생명 스마트하이브리드연금보험 무배당 적립형 2종(기본형)(종신연금형) 가산할인형,2042,56,한화생명 스마트하이브리드연금보험 무배당 적립형 2종(기본형)(종신연금형) 가산할인형,2026.2.1 0:00,9999.12.31 0:00
2042,57,"한화생명 스마트하이브리드연금보험 무배당 적립형 3종(가족사랑형)(가족종신연금,가족사랑연금) 가산할인형",2042,57,"한화생명 스마트하이브리드연금보험 무배당 적립형 3종(가족사랑형)(가족종신연금,가족사랑연금) 가산할인형",2026.2.1 0:00,9999.12.31 0:00
2061,1,"한화생명 e암보험(비갱신형) 무배당[표준체형](해약환급금 미지급형(납입기간중 0%, 납입기간후 50%))",2061,1,"한화생명 e암보험(비갱신형) 무배당[표준체형](해약환급금 미지급형(납입기간중 0%, 납입기간후 50%))",2022.10.1 0:00,9999.12.31 0:00
2061,2,"한화생명 e암보험(비갱신형) 무배당[비흡연체형](해약환급금 미지급형(납입기간중 0%, 납입기간후 50%))",2061,2,"한화생명 e암보험(비갱신형) 무배당[비흡연체형](해약환급금 미지급형(납입기간중 0%, 납입기간후 50%))",2022.10.1 0:00,9999.12.31 0:00
2126,A01,"한화생명 진심가득H보장보험 무배당 보장형 계약[해약환급금 일부지급형(납입기간중 50%, 납입기간후 100%)] 1종(출생아가입형)",2126,1,"한화생명 진심가득H보장보험 무배당 보장형 계약[해약환급금 일부지급형(납입기간중 50%, 납입기간후 100%)] 1종(출생아가입형)",2026.2.1 0:00,9999.12.31 0:00
2126,A02,"한화생명 진심가득H보장보험 무배당 보장형 계약[해약환급금 일부지급형(납입기간중 50%, 납입기간후 100%)] 2종(태아가입형 23주 이내)",2126,2,"한화생명 진심가득H보장보험 무배당 보장형 계약[해약환급금 일부지급형(납입기간중 50%, 납입기간후 100%)] 2종(태아가입형 23주 이내)",2026.2.1 0:00,9999.12.31 0:00
2126,A03,"한화생명 진심가득H보장보험 무배당 보장형 계약[해약환급금 일부지급형(납입기간중 50%, 납입기간후 100%)] 3종(태아가입형 23주 초과)",2126,3,"한화생명 진심가득H보장보험 무배당 보장형 계약[해약환급금 일부지급형(납입기간중 50%, 납입기간후 100%)] 3종(태아가입형 23주 초과)",2026.2.1 0:00,9999.12.31 0:00
2126,A04,한화생명 상생친구 보장보험 무배당 보장형 계약 1종(출생아가입형),2126,4,한화생명 상생친구 보장보험 무배당 보장형 계약 1종(출생아가입형),2026.2.1 0:00,9999.12.31 0:00
2126,A05,한화생명 상생친구 보장보험 무배당 보장형 계약 2종(태아가입형 23주 이내),2126,5,한화생명 상생친구 보장보험 무배당 보장형 계약 2종(태아가입형 23주 이내),2026.2.1 0:00,9999.12.31 0:00
2126,A06,한화생명 상생친구 보장보험 무배당 보장형 계약 3종(태아가입형 23주 초과),2126,6,한화생명 상생친구 보장보험 무배당 보장형 계약 3종(태아가입형 23주 초과),2026.2.1 0:00,9999.12.31 0:00
2129,A01,"한화생명 상속H종신보험 무배당 1종(기납입플러스형)(해약환급금 미지급형(납입기간중 0%, 납입기간후 50%))(표준체)",2129,1,"한화생명 상속H종신보험 무배당 1종(기납입플러스형)(해약환급금 미지급형(납입기간중 0%, 납입기간후 50%))(표준체)",2025.9.1 0:00,9999.12.31 0:00
2129,A02,"한화생명 상속H종신보험 무배당 1종(기납입플러스형)(해약환급금 미지급형(납입기간중 0%, 납입기간후 50%))(건강체)",2129,2,"한화생명 상속H종신보험 무배당 1종(기납입플러스형)(해약환급금 미지급형(납입기간중 0%, 납입기간후 50%))(건강체)",2025.9.1 0:00,9999.12.31 0:00
2129,A03,"한화생명 상속H종신보험 무배당 2종(기본형)(해약환급금 미지급형(납입기간중 0%, 납입기간후 50%))(표준체)",2129,3,"한화생명 상속H종신보험 무배당 2종(기본형)(해약환급금 미지급형(납입기간중 0%, 납입기간후 50%))(표준체)",2025.9.1 0:00,9999.12.31 0:00
2129,A04,"한화생명 상속H종신보험 무배당 2종(기본형)(해약환급금 미지급형(납입기간중 0%, 납입기간후 50%))(건강체)",2129,4,"한화생명 상속H종신보험 무배당 2종(기본형)(해약환급금 미지급형(납입기간중 0%, 납입기간후 50%))(건강체)",2025.9.1 0:00,9999.12.31 0:00
2130,A01,"한화생명 간편가입 상속H종신보험 무배당 1종(기납입플러스형)(해약환급금 미지급형(납입기간중 0%, 납입기간후 50%))",2130,1,"한화생명 간편가입 상속H종신보험 무배당 1종(기납입플러스형)(해약환급금 미지급형(납입기간중 0%, 납입기간후 50%))",2025.9.1 0:00,9999.12.31 0:00
2130,A02,"한화생명 간편가입 상속H종신보험 무배당 2종(기본형)(해약환급금 미지급형(납입기간중 0%, 납입기간후 50%))",2130,2,"한화생명 간편가입 상속H종신보험 무배당 2종(기본형)(해약환급금 미지급형(납입기간중 0%, 납입기간후 50%))",2025.9.1 0:00,9999.12.31 0:00
2170,A01,"한화생명 H간병보험 무배당 간편가입형(2년)(해약환급금 미지급형(납입기간중 0%, 납입기간후 50%))",2170,1,"한화생명 H간병보험 무배당 간편가입형(2년)(해약환급금 미지급형(납입기간중 0%, 납입기간후 50%))",2026.2.1 0:00,9999.12.31 0:00
2170,A02,"한화생명 H간병보험 무배당 일반가입형(해약환급금 미지급형(납입기간중 0%, 납입기간후 50%))",2170,2,"한화생명 H간병보험 무배당 일반가입형(해약환급금 미지급형(납입기간중 0%, 납입기간후 50%))",2026.2.1 0:00,9999.12.31 0:00
2170,A03,"한화생명 H간병보험 무배당 치매보장플랜형(해약환급금 미지급형(납입기간중 0%, 납입기간후 50%))",2170,3,"한화생명 H간병보험 무배당 치매보장플랜형(해약환급금 미지급형(납입기간중 0%, 납입기간후 50%))",2026.2.1 0:00,9999.12.31 0:00
2170,A04,"한화생명 H보장보험Ⅰ 무배당 간편가입형(2년)(해약환급금 미지급형(납입기간중 0%, 납입기간후 50%))",2170,4,"한화생명 H보장보험Ⅰ 무배당 간편가입형(2년)(해약환급금 미지급형(납입기간중 0%, 납입기간후 50%))",2026.2.1 0:00,9999.12.31 0:00
2170,A05,"한화생명 H보장보험Ⅰ 무배당 일반가입형(해약환급금 미지급형(납입기간중 0%, 납입기간후 50%))",2170,5,"한화생명 H보장보험Ⅰ 무배당 일반가입형(해약환급금 미지급형(납입기간중 0%, 납입기간후 50%))",2026.2.1 0:00,9999.12.31 0:00
2204,A01,"한화생명 시그니처H암보험 무배당 해약환급금 미지급형(납입기간중 0%, 납입기간후 50%)",2204,1,"한화생명 시그니처H암보험 무배당 해약환급금 미지급형(납입기간중 0%, 납입기간후 50%)",2024.11.1 0:00,9999.12.31 0:00
2204,A02,"한화생명 시그니처H보장보험 무배당 해약환급금 미지급형(납입기간중 0%, 납입기간후 50%)",2204,2,"한화생명 시그니처H보장보험 무배당 해약환급금 미지급형(납입기간중 0%, 납입기간후 50%)",2025.4.1 0:00,9999.12.31 0:00
2205,A01,"한화생명 간편가입 시그니처H암보험 무배당 해약환급금 미지급형(납입기간중 0%, 납입기간후 50%)",2205,1,"한화생명 간편가입 시그니처H암보험 무배당 해약환급금 미지급형(납입기간중 0%, 납입기간후 50%)",2024.11.1 0:00,9999.12.31 0:00
2205,A02,"한화생명 간편가입 시그니처H보장보험 무배당 해약환급금 미지급형(납입기간중 0%, 납입기간후 50%)",2205,2,"한화생명 간편가입 시그니처H보장보험 무배당 해약환급금 미지급형(납입기간중 0%, 납입기간후 50%)",2025.4.1 0:00,9999.12.31 0:00
2207,A03,한화생명 제로백H종신보험 무배당 보장형 계약 1종(해약환급금 일부지급형Ⅰ) 표준체,2207,3,한화생명 제로백H종신보험 무배당 보장형 계약 1종(해약환급금 일부지급형Ⅰ) 표준체,2025.1.1 0:00,9999.12.31 0:00
2207,A04,한화생명 제로백H종신보험 무배당 보장형 계약 1종(해약환급금 일부지급형Ⅰ) 건강체,2207,4,한화생명 제로백H종신보험 무배당 보장형 계약 1종(해약환급금 일부지급형Ⅰ) 건강체,2025.1.1 0:00,9999.12.31 0:00
2207,A10,한화생명 제로백H종신보험 무배당 보장형 계약 2종(해약환급금 일부지급형Ⅱ) 표준체,2207,10,한화생명 제로백H종신보험 무배당 보장형 계약 2종(해약환급금 일부지급형Ⅱ) 표준체,2025.4.1 0:00,9999.12.31 0:00
2207,A11,한화생명 제로백H종신보험 무배당 보장형 계약 2종(해약환급금 일부지급형Ⅱ) 건강체,2207,11,한화생명 제로백H종신보험 무배당 보장형 계약 2종(해약환급금 일부지급형Ⅱ) 건강체,2025.4.1 0:00,9999.12.31 0:00
2208,A02,한화생명 간편가입 제로백H종신보험 무배당 보장형 계약 1종(해약환급금 일부지급형Ⅰ),2208,2,한화생명 간편가입 제로백H종신보험 무배당 보장형 계약 1종(해약환급금 일부지급형Ⅰ),2025.1.1 0:00,9999.12.31 0:00
2208,A06,한화생명 간편가입 제로백H종신보험 무배당 보장형 계약 2종(해약환급금 일부지급형Ⅱ),2208,6,한화생명 간편가입 제로백H종신보험 무배당 보장형 계약 2종(해약환급금 일부지급형Ⅱ),2025.4.1 0:00,9999.12.31 0:00
2209,A01,한화생명 H종신보험 무배당 보장형 계약 1종(기본납입면제형) 해약환급금 일부지급형Ⅰ(납입기간중 50%) 표준체,2209,1,한화생명 H종신보험 무배당 보장형 계약 1종(기본납입면제형) 해약환급금 일부지급형Ⅰ(납입기간중 50%) 표준체,2025.1.1 0:00,9999.12.31 0:00
2209,A02,한화생명 H종신보험 무배당 보장형 계약 1종(기본납입면제형) 해약환급금 일부지급형Ⅰ(납입기간중 50%) 건강체,2209,2,한화생명 H종신보험 무배당 보장형 계약 1종(기본납입면제형) 해약환급금 일부지급형Ⅰ(납입기간중 50%) 건강체,2025.1.1 0:00,9999.12.31 0:00
2209,A03,한화생명 H종신보험 무배당 보장형 계약 1종(기본납입면제형) 해약환급금 일부지급형Ⅱ(납입기간중 50%) 표준체,2209,3,한화생명 H종신보험 무배당 보장형 계약 1종(기본납입면제형) 해약환급금 일부지급형Ⅱ(납입기간중 50%) 표준체,2025.1.1 0:00,9999.12.31 0:00
2209,A04,한화생명 H종신보험 무배당 보장형 계약 1종(기본납입면제형) 해약환급금 일부지급형Ⅱ(납입기간중 50%) 건강체,2209,4,한화생명 H종신보험 무배당 보장형 계약 1종(기본납입면제형) 해약환급금 일부지급형Ⅱ(납입기간중 50%) 건강체,2025.1.1 0:00,9999.12.31 0:00
2209,A05,한화생명 H종신보험 무배당 보장형 계약 2종(3대질병납입면제형) 해약환급금 일부지급형Ⅰ(납입기간중 50%) 표준체,2209,5,한화생명 H종신보험 무배당 보장형 계약 2종(3대질병납입면제형) 해약환급금 일부지급형Ⅰ(납입기간중 50%) 표준체,2025.1.1 0:00,9999.12.31 0:00
2209,A06,한화생명 H종신보험 무배당 보장형 계약 2종(3대질병납입면제형) 해약환급금 일부지급형Ⅰ(납입기간중 50%) 건강체,2209,6,한화생명 H종신보험 무배당 보장형 계약 2종(3대질병납입면제형) 해약환급금 일부지급형Ⅰ(납입기간중 50%) 건강체,2025.1.1 0:00,9999.12.31 0:00
2209,A07,한화생명 H종신보험 무배당 보장형 계약 2종(3대질병납입면제형) 해약환급금 일부지급형Ⅱ(납입기간중 50%) 표준체,2209,7,한화생명 H종신보험 무배당 보장형 계약 2종(3대질병납입면제형) 해약환급금 일부지급형Ⅱ(납입기간중 50%) 표준체,2025.1.1 0:00,9999.12.31 0:00
2209,A08,한화생명 H종신보험 무배당 보장형 계약 2종(3대질병납입면제형) 해약환급금 일부지급형Ⅱ(납입기간중 50%) 건강체,2209,8,한화생명 H종신보험 무배당 보장형 계약 2종(3대질병납입면제형) 해약환급금 일부지급형Ⅱ(납입기간중 50%) 건강체,2025.1.1 0:00,9999.12.31 0:00
2210,A01,한화생명 간편가입 H종신보험 무배당 보장형 계약 1종(기본납입면제형) 해약환급금 일부지급형Ⅰ(납입기간중 50%),2210,1,한화생명 간편가입 H종신보험 무배당 보장형 계약 1종(기본납입면제형) 해약환급금 일부지급형Ⅰ(납입기간중 50%),2025.1.1 0:00,9999.12.31 0:00
2210,A02,한화생명 간편가입 H종신보험 무배당 보장형 계약 1종(기본납입면제형) 해약환급금 일부지급형Ⅱ(납입기간중 50%),2210,2,한화생명 간편가입 H종신보험 무배당 보장형 계약 1종(기본납입면제형) 해약환급금 일부지급형Ⅱ(납입기간중 50%),2025.1.1 0:00,9999.12.31 0:00
2210,A03,한화생명 간편가입 H종신보험 무배당 보장형 계약 2종(3대질병납입면제형) 해약환급금 일부지급형Ⅰ(납입기간중 50%),2210,3,한화생명 간편가입 H종신보험 무배당 보장형 계약 2종(3대질병납입면제형) 해약환급금 일부지급형Ⅰ(납입기간중 50%),2025.1.1 0:00,9999.12.31 0:00
2210,A04,한화생명 간편가입 H종신보험 무배당 보장형 계약 2종(3대질병납입면제형) 해약환급금 일부지급형Ⅱ(납입기간중 50%),2210,4,한화생명 간편가입 H종신보험 무배당 보장형 계약 2종(3대질병납입면제형) 해약환급금 일부지급형Ⅱ(납입기간중 50%),2025.1.1 0:00,9999.12.31 0:00
2236,2,한화생명 스마트H상해보험 무배당 2종 1형(기본형),2236,2,한화생명 스마트H상해보험 무배당 2종 1형(기본형),2025.11.1 0:00,9999.12.31 0:00
2236,3,한화생명 스마트H상해보험 무배당 2종 2형(보장강화형),2236,3,한화생명 스마트H상해보험 무배당 2종 2형(보장강화형),2026.1.1 0:00,9999.12.31 0:00
2236,6,한화생명 스마트V상해보험 무배당 1종 1형(기본형),2236,6,한화생명 스마트V상해보험 무배당 1종 1형(기본형),2026.2.1 0:00,9999.12.31 0:00
2236,7,한화생명 스마트V상해보험 무배당 1종 2형(보장강화형),2236,7,한화생명 스마트V상해보험 무배당 1종 2형(보장강화형),2026.2.1 0:00,9999.12.31 0:00
2242,A01,한화생명 경영인H정기보험 무배당 보장형 계약 1종(5%체증형) 해약환급금 일부지급형 표준체,2242,1,한화생명 경영인H정기보험 무배당 보장형 계약 1종(5%체증형) 해약환급금 일부지급형 표준체,2025.6.11 0:00,9999.12.31 0:00
2242,A02,한화생명 경영인H정기보험 무배당 보장형 계약 1종(5%체증형) 해약환급금 일부지급형 건강체,2242,2,한화생명 경영인H정기보험 무배당 보장형 계약 1종(5%체증형) 해약환급금 일부지급형 건강체,2025.6.11 0:00,9999.12.31 0:00
2242,A03,한화생명 경영인H정기보험 무배당 보장형 계약 2종(10%체증형) 해약환급금 일부지급형 표준체,2242,3,한화생명 경영인H정기보험 무배당 보장형 계약 2종(10%체증형) 해약환급금 일부지급형 표준체,2025.6.11 0:00,9999.12.31 0:00
2242,A04,한화생명 경영인H정기보험 무배당 보장형 계약 2종(10%체증형) 해약환급금 일부지급형 건강체,2242,4,한화생명 경영인H정기보험 무배당 보장형 계약 2종(10%체증형) 해약환급금 일부지급형 건강체,2025.6.11 0:00,9999.12.31 0:00
2243,A01,한화생명 간편가입 경영인H정기보험 무배당 보장형 계약 1종(5%체증형) 해약환급금 일부지급형,2243,1,한화생명 간편가입 경영인H정기보험 무배당 보장형 계약 1종(5%체증형) 해약환급금 일부지급형,2025.6.11 0:00,9999.12.31 0:00
2243,A02,한화생명 간편가입 경영인H정기보험 무배당 보장형 계약 2종(10%체증형) 해약환급금 일부지급형,2243,2,한화생명 간편가입 경영인H정기보험 무배당 보장형 계약 2종(10%체증형) 해약환급금 일부지급형,2025.6.11 0:00,9999.12.31 0:00
2244,A01,"한화생명 케어백간병플러스보험 무배당 간편가입형(0년) 해약환급금 일부지급형(납입기간중 50%, 납입기간후 100%)",2244,1,"한화생명 케어백간병플러스보험 무배당 간편가입형(0년) 해약환급금 일부지급형(납입기간중 50%, 납입기간후 100%)",2025.8.15 0:00,9999.12.31 0:00
2244,A02,"한화생명 케어백간병플러스보험 무배당 간편가입형(2년) 해약환급금 일부지급형(납입기간중 50%, 납입기간후 100%)",2244,2,"한화생명 케어백간병플러스보험 무배당 간편가입형(2년) 해약환급금 일부지급형(납입기간중 50%, 납입기간후 100%)",2025.8.15 0:00,9999.12.31 0:00
2244,A03,"한화생명 케어백간병플러스보험 무배당 간편가입형(5년) 해약환급금 일부지급형(납입기간중 50%, 납입기간후 100%)",2244,3,"한화생명 케어백간병플러스보험 무배당 간편가입형(5년) 해약환급금 일부지급형(납입기간중 50%, 납입기간후 100%)",2025.8.15 0:00,9999.12.31 0:00
2244,A04,"한화생명 케어백간병플러스보험 무배당 간편가입형(10년) 해약환급금 일부지급형(납입기간중 50%, 납입기간후 100%)",2244,4,"한화생명 케어백간병플러스보험 무배당 간편가입형(10년) 해약환급금 일부지급형(납입기간중 50%, 납입기간후 100%)",2025.8.15 0:00,9999.12.31 0:00
2244,A05,"한화생명 케어백간병플러스보험 무배당 일반가입형 해약환급금 일부지급형(납입기간중 50%, 납입기간후 100%)",2244,5,"한화생명 케어백간병플러스보험 무배당 일반가입형 해약환급금 일부지급형(납입기간중 50%, 납입기간후 100%)",2025.8.15 0:00,9999.12.31 0:00
2246,A01,"한화생명 H건강플러스보험 무배당 보장형계약 맞춤고지형 간편가입형(0년) 해약환급금 일부지급형(납입기간중 50%, 납입기간후 100%)",2246,1,"한화생명 H건강플러스보험 무배당 보장형계약 맞춤고지형 간편가입형(0년) 해약환급금 일부지급형(납입기간중 50%, 납입기간후 100%)",2025.9.1 0:00,9999.12.31 0:00
2246,A02,"한화생명 H건강플러스보험 무배당 보장형계약 맞춤고지형 간편가입형(1년) 해약환급금 일부지급형(납입기간중 50%, 납입기간후 100%)",2246,2,"한화생명 H건강플러스보험 무배당 보장형계약 맞춤고지형 간편가입형(1년) 해약환급금 일부지급형(납입기간중 50%, 납입기간후 100%)",2025.9.1 0:00,9999.12.31 0:00
2246,A03,"한화생명 H건강플러스보험 무배당 보장형계약 맞춤고지형 간편가입형(2년) 해약환급금 일부지급형(납입기간중 50%, 납입기간후 100%)",2246,3,"한화생명 H건강플러스보험 무배당 보장형계약 맞춤고지형 간편가입형(2년) 해약환급금 일부지급형(납입기간중 50%, 납입기간후 100%)",2025.9.1 0:00,9999.12.31 0:00
2246,A04,"한화생명 H건강플러스보험 무배당 보장형계약 맞춤고지형 간편가입형(3년) 해약환급금 일부지급형(납입기간중 50%, 납입기간후 100%)",2246,4,"한화생명 H건강플러스보험 무배당 보장형계약 맞춤고지형 간편가입형(3년) 해약환급금 일부지급형(납입기간중 50%, 납입기간후 100%)",2025.9.1 0:00,9999.12.31 0:00
2246,A05,"한화생명 H건강플러스보험 무배당 보장형계약 맞춤고지형 간편가입형(4년) 해약환급금 일부지급형(납입기간중 50%, 납입기간후 100%)",2246,5,"한화생명 H건강플러스보험 무배당 보장형계약 맞춤고지형 간편가입형(4년) 해약환급금 일부지급형(납입기간중 50%, 납입기간후 100%)",2025.9.1 0:00,9999.12.31 0:00
2246,A06,"한화생명 H건강플러스보험 무배당 보장형계약 맞춤고지형 간편가입형(5년) 해약환급금 일부지급형(납입기간중 50%, 납입기간후 100%)",2246,6,"한화생명 H건강플러스보험 무배당 보장형계약 맞춤고지형 간편가입형(5년) 해약환급금 일부지급형(납입기간중 50%, 납입기간후 100%)",2025.9.1 0:00,9999.12.31 0:00
2246,A07,"한화생명 H건강플러스보험 무배당 보장형계약 맞춤고지형 간편가입형(10년) 해약환급금 일부지급형(납입기간중 50%, 납입기간후 100%)",2246,7,"한화생명 H건강플러스보험 무배당 보장형계약 맞춤고지형 간편가입형(10년) 해약환급금 일부지급형(납입기간중 50%, 납입기간후 100%)",2025.9.1 0:00,9999.12.31 0:00
2246,A08,"한화생명 H건강플러스보험 무배당 보장형계약 맞춤고지형 일반가입형Ⅱ 해약환급금 일부지급형(납입기간중 50%, 납입기간후 100%)",2246,8,"한화생명 H건강플러스보험 무배당 보장형계약 맞춤고지형 일반가입형Ⅱ 해약환급금 일부지급형(납입기간중 50%, 납입기간후 100%)",2025.9.1 0:00,9999.12.31 0:00
2246,A09,"한화생명 H건강플러스보험 무배당 보장형계약 일반고지형 일반가입형Ⅰ 해약환급금 일부지급형(납입기간중 50%, 납입기간후 100%)",2246,9,"한화생명 H건강플러스보험 무배당 보장형계약 일반고지형 일반가입형Ⅰ 해약환급금 일부지급형(납입기간중 50%, 납입기간후 100%)",2025.9.1 0:00,9999.12.31 0:00
2248,A01,"한화생명 Need AI 암보험 무배당 해약환급금 미지급형(납입기간중 0%, 납입기간후 50%)",2248,1,"한화생명 Need AI 암보험 무배당 해약환급금 미지급형(납입기간중 0%, 납입기간후 50%)",2025.9.1 0:00,9999.12.31 0:00
2249,A01,"한화생명 간편가입 Need AI 암보험 무배당 간편가입형(0년) 해약환급금 미지급형(납입기간중 0%, 납입기간후 50%)",2249,1,"한화생명 간편가입 Need AI 암보험 무배당 간편가입형(0년) 해약환급금 미지급형(납입기간중 0%, 납입기간후 50%)",2025.9.1 0:00,9999.12.31 0:00
2249,A02,"한화생명 간편가입 Need AI 암보험 무배당 간편가입형(5년) 해약환급금 미지급형(납입기간중 0%, 납입기간후 50%)",2249,2,"한화생명 간편가입 Need AI 암보험 무배당 간편가입형(5년) 해약환급금 미지급형(납입기간중 0%, 납입기간후 50%)",2025.9.1 0:00,9999.12.31 0:00
2250,A01,한화생명 하나로H종신보험 무배당 보장형 계약 1종(해약환급금 일부지급형Ⅰ) 표준체,2250,1,한화생명 하나로H종신보험 무배당 보장형 계약 1종(해약환급금 일부지급형Ⅰ) 표준체,2025.9.24 0:00,9999.12.31 0:00
2250,A02,한화생명 하나로H종신보험 무배당 보장형 계약 1종(해약환급금 일부지급형Ⅰ) 건강체,2250,2,한화생명 하나로H종신보험 무배당 보장형 계약 1종(해약환급금 일부지급형Ⅰ) 건강체,2025.9.24 0:00,9999.12.31 0:00
2250,A03,한화생명 하나로H종신보험 무배당 보장형 계약 2종(해약환급금 일부지급형Ⅱ) 표준체,2250,3,한화생명 하나로H종신보험 무배당 보장형 계약 2종(해약환급금 일부지급형Ⅱ) 표준체,2025.9.24 0:00,9999.12.31 0:00
2250,A04,한화생명 하나로H종신보험 무배당 보장형 계약 2종(해약환급금 일부지급형Ⅱ) 건강체,2250,4,한화생명 하나로H종신보험 무배당 보장형 계약 2종(해약환급금 일부지급형Ⅱ) 건강체,2025.9.24 0:00,9999.12.31 0:00
2250,A05,한화생명 하나로H종신보험 무배당 보장형 계약 3종(해약환급금 일부지급형Ⅲ) 표준체,2250,5,한화생명 하나로H종신보험 무배당 보장형 계약 3종(해약환급금 일부지급형Ⅲ) 표준체,2025.9.24 0:00,9999.12.31 0:00
2250,A06,한화생명 하나로H종신보험 무배당 보장형 계약 3종(해약환급금 일부지급형Ⅲ) 건강체,2250,6,한화생명 하나로H종신보험 무배당 보장형 계약 3종(해약환급금 일부지급형Ⅲ) 건강체,2025.9.24 0:00,9999.12.31 0:00
2251,A01,한화생명 간편가입 하나로H종신보험 무배당 보장형 계약 1종(해약환급금 일부지급형Ⅰ),2251,1,한화생명 간편가입 하나로H종신보험 무배당 보장형 계약 1종(해약환급금 일부지급형Ⅰ),2025.9.24 0:00,9999.12.31 0:00
2251,A02,한화생명 간편가입 하나로H종신보험 무배당 보장형 계약 2종(해약환급금 일부지급형Ⅱ),2251,2,한화생명 간편가입 하나로H종신보험 무배당 보장형 계약 2종(해약환급금 일부지급형Ⅱ),2025.9.24 0:00,9999.12.31 0:00
2251,A03,한화생명 간편가입 하나로H종신보험 무배당 보장형 계약 3종(해약환급금 일부지급형Ⅲ),2251,3,한화생명 간편가입 하나로H종신보험 무배당 보장형 계약 3종(해약환급금 일부지급형Ⅲ),2025.9.24 0:00,9999.12.31 0:00
2253,A01,"한화생명 H당뇨보험 무배당 해약환급금 미지급형(납입기간중 0%, 납입기간후 50%)",2253,1,"한화생명 H당뇨보험 무배당 해약환급금 미지급형(납입기간중 0%, 납입기간후 50%)",2025.11.1 0:00,9999.12.31 0:00
2254,A01,"한화생명 간편가입 H당뇨보험 무배당 해약환급금 미지급형(납입기간 중 0%, 납입기간후 50%)",2254,1,"한화생명 간편가입 H당뇨보험 무배당 해약환급금 미지급형(납입기간중 0%, 납입기간후 50%)",2025.11.1 0:00,9999.12.31 0:00
2255,A01,한화생명 포켓골절보험 무배당,2255,1,한화생명 포켓골절보험 무배당,2025.12.1 0:00,9999.12.31 0:00
2256,A01,한화생명 간편가입 포켓골절보험 무배당,2256,1,한화생명 간편가입 포켓골절보험 무배당,2025.12.1 0:00,9999.12.31 0:00
2257,A01,"한화생명 시그니처 H통합건강보험 무배당 간편가입형(0년) 해약환급금 미지급형(납입기간중 0%, 납입기간후 50%) ",2257,1,"한화생명 시그니처 H통합건강보험 무배당 간편가입형(0년) 해약환급금 미지급형(납입기간중 0%, 납입기간후 50%)",2026.1.1 0:00,9999.12.31 0:00
2257,A02,"한화생명 시그니처 H통합건강보험 무배당 간편가입형(1년) 해약환급금 미지급형(납입기간중 0%, 납입기간후 50%) ",2257,2,"한화생명 시그니처 H통합건강보험 무배당 간편가입형(1년) 해약환급금 미지급형(납입기간중 0%, 납입기간후 50%)",2026.1.1 0:00,9999.12.31 0:00
2257,A03,"한화생명 시그니처 H통합건강보험 무배당 간편가입형(2년) 해약환급금 미지급형(납입기간중 0%, 납입기간후 50%) ",2257,3,"한화생명 시그니처 H통합건강보험 무배당 간편가입형(2년) 해약환급금 미지급형(납입기간중 0%, 납입기간후 50%)",2026.1.1 0:00,9999.12.31 0:00
2257,A04,"한화생명 시그니처 H통합건강보험 무배당 간편가입형(3년) 해약환급금 미지급형(납입기간중 0%, 납입기간후 50%) ",2257,4,"한화생명 시그니처 H통합건강보험 무배당 간편가입형(3년) 해약환급금 미지급형(납입기간중 0%, 납입기간후 50%)",2026.1.1 0:00,9999.12.31 0:00
2257,A05,"한화생명 시그니처 H통합건강보험 무배당 간편가입형(4년) 해약환급금 미지급형(납입기간중 0%, 납입기간후 50%) ",2257,5,"한화생명 시그니처 H통합건강보험 무배당 간편가입형(4년) 해약환급금 미지급형(납입기간중 0%, 납입기간후 50%)",2026.1.1 0:00,9999.12.31 0:00
2257,A06,"한화생명 시그니처 H통합건강보험 무배당 간편가입형(5년) 해약환급금 미지급형(납입기간중 0%, 납입기간후 50%) ",2257,6,"한화생명 시그니처 H통합건강보험 무배당 간편가입형(5년) 해약환급금 미지급형(납입기간중 0%, 납입기간후 50%)",2026.1.1 0:00,9999.12.31 0:00
2257,A07,"한화생명 시그니처 H통합건강보험 무배당 간편가입형(10년) 해약환급금 미지급형(납입기간중 0%, 납입기간후 50%) ",2257,7,"한화생명 시그니처 H통합건강보험 무배당 간편가입형(10년) 해약환급금 미지급형(납입기간중 0%, 납입기간후 50%)",2026.1.1 0:00,9999.12.31 0:00
2257,A08,"한화생명 시그니처 H통합건강보험 무배당 일반가입형 해약환급금 미지급형(납입기간중 0%, 납입기간후 50%) ",2257,8,"한화생명 시그니처 H통합건강보험 무배당 일반가입형 해약환급금 미지급형(납입기간중 0%, 납입기간후 50%)",2026.1.1 0:00,9999.12.31 0:00
2257,A09,"한화생명 시그니처 H통합건강보험 무배당 건강가입형(6년) 해약환급금 미지급형(납입기간중 0%, 납입기간후 50%) ",2257,9,"한화생명 시그니처 H통합건강보험 무배당 건강가입형(6년) 해약환급금 미지급형(납입기간중 0%, 납입기간후 50%)",2026.1.1 0:00,9999.12.31 0:00
2257,A10,"한화생명 시그니처 H통합건강보험 무배당 건강가입형(7년) 해약환급금 미지급형(납입기간중 0%, 납입기간후 50%) ",2257,10,"한화생명 시그니처 H통합건강보험 무배당 건강가입형(7년) 해약환급금 미지급형(납입기간중 0%, 납입기간후 50%)",2026.1.1 0:00,9999.12.31 0:00
2257,A11,"한화생명 시그니처 H통합건강보험 무배당 건강가입형(8년) 해약환급금 미지급형(납입기간중 0%, 납입기간후 50%) ",2257,11,"한화생명 시그니처 H통합건강보험 무배당 건강가입형(8년) 해약환급금 미지급형(납입기간중 0%, 납입기간후 50%)",2026.1.1 0:00,9999.12.31 0:00
2257,A12,"한화생명 시그니처 H통합건강보험 무배당 건강가입형(9년) 해약환급금 미지급형(납입기간중 0%, 납입기간후 50%) ",2257,12,"한화생명 시그니처 H통합건강보험 무배당 건강가입형(9년) 해약환급금 미지급형(납입기간중 0%, 납입기간후 50%)",2026.1.1 0:00,9999.12.31 0:00
2257,A13,"한화생명 시그니처 H통합건강보험 무배당 건강가입형(10년) 해약환급금 미지급형(납입기간중 0%, 납입기간후 50%) ",2257,13,"한화생명 시그니처 H통합건강보험 무배당 건강가입형(10년) 해약환급금 미지급형(납입기간중 0%, 납입기간후 50%)",2026.1.1 0:00,9999.12.31 0:00
2258,A01,"한화생명 시그니처 H통합건강보험 무배당(납입면제형) 간편가입형(0년) 해약환급금 미지급형(납입기간중 0%, 납입기간후 50%)",2258,1,"한화생명 시그니처 H통합건강보험 무배당(납입면제형) 간편가입형(0년) 해약환급금 미지급형(납입기간중 0%, 납입기간후 50%)",2026.1.1 0:00,9999.12.31 0:00
2258,A02,"한화생명 시그니처 H통합건강보험 무배당(납입면제형) 간편가입형(1년) 해약환급금 미지급형(납입기간중 0%, 납입기간후 50%)",2258,2,"한화생명 시그니처 H통합건강보험 무배당(납입면제형) 간편가입형(1년) 해약환급금 미지급형(납입기간중 0%, 납입기간후 50%)",2026.1.1 0:00,9999.12.31 0:00
2258,A03,"한화생명 시그니처 H통합건강보험 무배당(납입면제형) 간편가입형(2년) 해약환급금 미지급형(납입기간중 0%, 납입기간후 50%)",2258,3,"한화생명 시그니처 H통합건강보험 무배당(납입면제형) 간편가입형(2년) 해약환급금 미지급형(납입기간중 0%, 납입기간후 50%)",2026.1.1 0:00,9999.12.31 0:00
2258,A04,"한화생명 시그니처 H통합건강보험 무배당(납입면제형) 간편가입형(3년) 해약환급금 미지급형(납입기간중 0%, 납입기간후 50%)",2258,4,"한화생명 시그니처 H통합건강보험 무배당(납입면제형) 간편가입형(3년) 해약환급금 미지급형(납입기간중 0%, 납입기간후 50%)",2026.1.1 0:00,9999.12.31 0:00
2258,A05,"한화생명 시그니처 H통합건강보험 무배당(납입면제형) 간편가입형(4년) 해약환급금 미지급형(납입기간중 0%, 납입기간후 50%)",2258,5,"한화생명 시그니처 H통합건강보험 무배당(납입면제형) 간편가입형(4년) 해약환급금 미지급형(납입기간중 0%, 납입기간후 50%)",2026.1.1 0:00,9999.12.31 0:00
2258,A06,"한화생명 시그니처 H통합건강보험 무배당(납입면제형) 간편가입형(5년) 해약환급금 미지급형(납입기간중 0%, 납입기간후 50%)",2258,6,"한화생명 시그니처 H통합건강보험 무배당(납입면제형) 간편가입형(5년) 해약환급금 미지급형(납입기간중 0%, 납입기간후 50%)",2026.1.1 0:00,9999.12.31 0:00
2258,A07,"한화생명 시그니처 H통합건강보험 무배당(납입면제형) 간편가입형(10년) 해약환급금 미지급형(납입기간중 0%, 납입기간후 50%)",2258,7,"한화생명 시그니처 H통합건강보험 무배당(납입면제형) 간편가입형(10년) 해약환급금 미지급형(납입기간중 0%, 납입기간후 50%)",2026.1.1 0:00,9999.12.31 0:00
2258,A08,"한화생명 시그니처 H통합건강보험 무배당(납입면제형) 일반가입형 해약환급금 미지급형(납입기간중 0%, 납입기간후 50%)",2258,8,"한화생명 시그니처 H통합건강보험 무배당(납입면제형) 일반가입형 해약환급금 미지급형(납입기간중 0%, 납입기간후 50%)",2026.1.1 0:00,9999.12.31 0:00
2258,A09,"한화생명 시그니처 H통합건강보험 무배당(납입면제형) 건강가입형(6년) 해약환급금 미지급형(납입기간중 0%, 납입기간후 50%)",2258,9,"한화생명 시그니처 H통합건강보험 무배당(납입면제형) 건강가입형(6년) 해약환급금 미지급형(납입기간중 0%, 납입기간후 50%)",2026.1.1 0:00,9999.12.31 0:00
2258,A10,"한화생명 시그니처 H통합건강보험 무배당(납입면제형) 건강가입형(7년) 해약환급금 미지급형(납입기간중 0%, 납입기간후 50%)",2258,10,"한화생명 시그니처 H통합건강보험 무배당(납입면제형) 건강가입형(7년) 해약환급금 미지급형(납입기간중 0%, 납입기간후 50%)",2026.1.1 0:00,9999.12.31 0:00
2258,A11,"한화생명 시그니처 H통합건강보험 무배당(납입면제형) 건강가입형(8년) 해약환급금 미지급형(납입기간중 0%, 납입기간후 50%)",2258,11,"한화생명 시그니처 H통합건강보험 무배당(납입면제형) 건강가입형(8년) 해약환급금 미지급형(납입기간중 0%, 납입기간후 50%)",2026.1.1 0:00,9999.12.31 0:00
2258,A12,"한화생명 시그니처 H통합건강보험 무배당(납입면제형) 건강가입형(9년) 해약환급금 미지급형(납입기간중 0%, 납입기간후 50%)",2258,12,"한화생명 시그니처 H통합건강보험 무배당(납입면제형) 건강가입형(9년) 해약환급금 미지급형(납입기간중 0%, 납입기간후 50%)",2026.1.1 0:00,9999.12.31 0:00
2258,A13,"한화생명 시그니처 H통합건강보험 무배당(납입면제형) 건강가입형(10년) 해약환급금 미지급형(납입기간중 0%, 납입기간후 50%)",2258,13,"한화생명 시그니처 H통합건강보험 무배당(납입면제형) 건강가입형(10년) 해약환급금 미지급형(납입기간중 0%, 납입기간후 50%)",2026.1.1 0:00,9999.12.31 0:00
2259,801,한화생명 바로연금보험 무배당(종신연금형 일반형 개인형),2259,801,한화생명 바로연금보험 무배당(종신연금형 일반형 개인형),2026.1.1 0:00,9999.12.31 0:00
2259,801,한화생명 바로연금보험 무배당(종신연금형 일반형 개인형),2259,851,한화생명 바로연금보험 무배당(종신연금형 일반형 개인형)적립,2026.1.1 0:00,9999.12.31 0:00
2259,802,한화생명 바로연금보험 무배당(종신연금형 초기집중형 개인형),2259,802,한화생명 바로연금보험 무배당(종신연금형 초기집중형 개인형),2026.1.1 0:00,9999.12.31 0:00
2259,802,한화생명 바로연금보험 무배당(종신연금형 초기집중형 개인형),2259,852,한화생명 바로연금보험 무배당(종신연금형 초기집중형 개인형)적립,2026.1.1 0:00,9999.12.31 0:00
2259,803,한화생명 바로연금보험 무배당(종신연금형 일반형 신부부형),2259,803,한화생명 바로연금보험 무배당(종신연금형 일반형 신부부형),2026.1.1 0:00,9999.12.31 0:00
2259,803,한화생명 바로연금보험 무배당(종신연금형 일반형 신부부형),2259,853,한화생명 바로연금보험 무배당(종신연금형 일반형 신부부형)적립,2026.1.1 0:00,9999.12.31 0:00
2259,804,한화생명 바로연금보험 무배당(상속연금형 종신플랜),2259,804,한화생명 바로연금보험 무배당(상속연금형 종신플랜),2026.1.1 0:00,9999.12.31 0:00
2259,804,한화생명 바로연금보험 무배당(상속연금형 종신플랜),2259,854,한화생명 바로연금보험 무배당(상속연금형 종신플랜)적립,2026.1.1 0:00,9999.12.31 0:00
2259,805,한화생명 바로연금보험 무배당(상속연금형 환급플랜5년형),2259,805,한화생명 바로연금보험 무배당(상속연금형 환급플랜5년형),2026.1.1 0:00,9999.12.31 0:00
2259,805,한화생명 바로연금보험 무배당(상속연금형 환급플랜5년형),2259,855,한화생명 바로연금보험 무배당(상속연금형 환급플랜5년형)적립,2026.1.1 0:00,9999.12.31 0:00
2259,806,한화생명 바로연금보험 무배당(상속연금형 환급플랜10년형),2259,806,한화생명 바로연금보험 무배당(상속연금형 환급플랜10년형),2026.1.1 0:00,9999.12.31 0:00
2259,806,한화생명 바로연금보험 무배당(상속연금형 환급플랜10년형),2259,856,한화생명 바로연금보험 무배당(상속연금형 환급플랜10년형)적립,2026.1.1 0:00,9999.12.31 0:00
2259,807,한화생명 바로연금보험 무배당(상속연금형 환급플랜20년형),2259,807,한화생명 바로연금보험 무배당(상속연금형 환급플랜20년형),2026.1.1 0:00,9999.12.31 0:00
2259,807,한화생명 바로연금보험 무배당(상속연금형 환급플랜20년형),2259,857,한화생명 바로연금보험 무배당(상속연금형 환급플랜20년형)적립,2026.1.1 0:00,9999.12.31 0:00
2259,808,한화생명 바로연금보험 무배당(확정기간연금형 5년형),2259,808,한화생명 바로연금보험 무배당(확정기간연금형 5년형),2026.1.1 0:00,9999.12.31 0:00
2259,808,한화생명 바로연금보험 무배당(확정기간연금형 5년형),2259,858,한화생명 바로연금보험 무배당(확정기간연금형 5년형)적립,2026.1.1 0:00,9999.12.31 0:00
2259,809,한화생명 바로연금보험 무배당(확정기간연금형 10년형),2259,809,한화생명 바로연금보험 무배당(확정기간연금형 10년형),2026.1.1 0:00,9999.12.31 0:00
2259,809,한화생명 바로연금보험 무배당(확정기간연금형 10년형),2259,859,한화생명 바로연금보험 무배당(확정기간연금형 10년형)적립,2026.1.1 0:00,9999.12.31 0:00
2259,810,한화생명 바로연금보험 무배당(확정기간연금형 15년형),2259,810,한화생명 바로연금보험 무배당(확정기간연금형 15년형),2026.1.1 0:00,9999.12.31 0:00
2259,810,한화생명 바로연금보험 무배당(확정기간연금형 15년형),2259,860,한화생명 바로연금보험 무배당(확정기간연금형 15년형)적립,2026.1.1 0:00,9999.12.31 0:00
2259,811,한화생명 바로연금보험 무배당(확정기간연금형 20년형),2259,811,한화생명 바로연금보험 무배당(확정기간연금형 20년형),2026.1.1 0:00,9999.12.31 0:00
2259,811,한화생명 바로연금보험 무배당(확정기간연금형 20년형),2259,861,한화생명 바로연금보험 무배당(확정기간연금형 20년형)적립,2026.1.1 0:00,9999.12.31 0:00